dataset	version	filename	object_type	top_level_key_count	top_level_key_sample	protein_count	mutation_entry_count	entries_per_protein_min	entries_per_protein_median	entries_per_protein_max	entry_field_union_count	entry_field_union	fields_in_all_entries	fields_not_in_all_entries	expected_generator_fields_present	expected_generator_fields_missing	expected_generator_fields_in_all_entries	expected_generator_fields_not_in_all_entries	expected_generator_field_min_occurrence_fraction
S_2648	base	S_2648_pmppn_info_dict.pickle	builtins.dict	132	"[""'1e65A'"", ""'1a43A'"", ""'1a5eA'"", ""'1aepA'"", ""'1ag2A'"", ""'1aj3A'"", ""'1akyA'"", ""'1am7A'"", ""'1amqA'"", ""'1ankA'"", ""'1aonU'"", ""'1apsA'""]"	132	2648	1	8.0	482	16	"[""ddg"", ""log_prob"", ""m_n_log_prob"", ""mut"", ""neighbor_aa_identities"", ""neighbor_m_message_vector_coming_from_center"", ""neighbor_w_message_vector_coming_from_center"", ""top_10_attention_weights"", ""top_10_closest_neighbor_indices"", ""top_10_neighbor_indices"", ""top_15_attention_weights"", ""top_15_closest_neighbor_indices"", ""top_15_neighbor_indices"", ""top_5_attention_weights"", ""top_5_neighbor_indices"", ""w_n_log_prob""]"	"[""ddg"", ""mut""]"	"[""log_prob"", ""m_n_log_prob"", ""neighbor_aa_identities"", ""neighbor_m_message_vector_coming_from_center"", ""neighbor_w_message_vector_coming_from_center"", ""top_10_attention_weights"", ""top_10_closest_neighbor_indices"", ""top_10_neighbor_indices"", ""top_15_attention_weights"", ""top_15_closest_neighbor_indices"", ""top_15_neighbor_indices"", ""top_5_attention_weights"", ""top_5_neighbor_indices"", ""w_n_log_prob""]"	"[""m_n_log_prob"", ""neighbor_aa_identities"", ""neighbor_m_message_vector_coming_from_center"", ""neighbor_w_message_vector_coming_from_center"", ""w_n_log_prob""]"	"[""neighbor_m_neighbor_embedding"", ""neighbor_w_neighbor_embedding""]"	[]	"[""m_n_log_prob"", ""neighbor_aa_identities"", ""neighbor_m_message_vector_coming_from_center"", ""neighbor_m_neighbor_embedding"", ""neighbor_w_message_vector_coming_from_center"", ""neighbor_w_neighbor_embedding"", ""w_n_log_prob""]"	0.000000
S_2648	V2	S_2648_pmppn_info_dict_V2.pickle	builtins.dict	132	"[""'1e65A'"", ""'1a43A'"", ""'1a5eA'"", ""'1aepA'"", ""'1ag2A'"", ""'1aj3A'"", ""'1akyA'"", ""'1am7A'"", ""'1amqA'"", ""'1ankA'"", ""'1aonU'"", ""'1apsA'""]"	132	2648	1	8.0	482	42	"[""V2_backward_weighted_neighbor_backward_KL"", ""V2_backward_weighted_neighbor_energy_changes"", ""V2_backward_weighted_neighbor_entropy_changes"", ""alternate_pssm"", ""backward_weighted_neighbor_backward_KL"", ""backward_weighted_neighbor_energy_changes"", ""backward_weighted_neighbor_entropy_changes"", ""center_entropy"", ""center_mut_max_energy"", ""center_mut_wild_energy"", ""center_neighbor_weight_check_m_w"", ""center_neighbor_weight_check_w_m"", ""ddg"", ""log_prob"", ""m_n_log_prob"", ""mut"", ""neighbor_aa_identities"", ""neighbor_embedding_change_m_w"", ""neighbor_embedding_change_m_w_raw"", ""neighbor_m_message_vector_coming_from_center"", ""neighbor_m_neighbor_embedding"", ""neighbor_message_change_m_w"", ""neighbor_w_message_vector_coming_from_center"", ""neighbor_w_neighbor_embedding"", ""sum_neighbor_embedding_change_m_w"", ""top_10_attention_weights"", ""top_10_closest_neighbor_indices"", ""top_10_neighbor_indices"", ""top_15_attention_weights"", ""top_15_closest_neighbor_indices"", ""top_15_neighbor_indices"", ""top_5_attention_weights"", ""top_5_neighbor_indices"", ""unweighted_backward_KL"", ""unweighted_forward_KL"", ""w_n_log_prob"", ""weighted_neighbor_backward_KL"", ""weighted_neighbor_energy_changes"", ""weighted_neighbor_entropies"", ""weighted_neighbor_entropy_changes"", ""weighted_neighbor_forward_KL"", ""wild_pssm""]"	"[""ddg"", ""mut""]"	"[""V2_backward_weighted_neighbor_backward_KL"", ""V2_backward_weighted_neighbor_energy_changes"", ""V2_backward_weighted_neighbor_entropy_changes"", ""alternate_pssm"", ""backward_weighted_neighbor_backward_KL"", ""backward_weighted_neighbor_energy_changes"", ""backward_weighted_neighbor_entropy_changes"", ""center_entropy"", ""center_mut_max_energy"", ""center_mut_wild_energy"", ""center_neighbor_weight_check_m_w"", ""center_neighbor_weight_check_w_m"", ""log_prob"", ""m_n_log_prob"", ""neighbor_aa_identities"", ""neighbor_embedding_change_m_w"", ""neighbor_embedding_change_m_w_raw"", ""neighbor_m_message_vector_coming_from_center"", ""neighbor_m_neighbor_embedding"", ""neighbor_message_change_m_w"", ""neighbor_w_message_vector_coming_from_center"", ""neighbor_w_neighbor_embedding"", ""sum_neighbor_embedding_change_m_w"", ""top_10_attention_weights"", ""top_10_closest_neighbor_indices"", ""top_10_neighbor_indices"", ""top_15_attention_weights"", ""top_15_closest_neighbor_indices"", ""top_15_neighbor_indices"", ""top_5_attention_weights"", ""top_5_neighbor_indices"", ""unweighted_backward_KL"", ""unweighted_forward_KL"", ""w_n_log_prob"", ""weighted_neighbor_backward_KL"", ""weighted_neighbor_energy_changes"", ""weighted_neighbor_entropies"", ""weighted_neighbor_entropy_changes"", ""weighted_neighbor_forward_KL"", ""wild_pssm""]"	"[""m_n_log_prob"", ""neighbor_aa_identities"", ""neighbor_m_message_vector_coming_from_center"", ""neighbor_m_neighbor_embedding"", ""neighbor_w_message_vector_coming_from_center"", ""neighbor_w_neighbor_embedding"", ""w_n_log_prob""]"	[]	[]	"[""m_n_log_prob"", ""neighbor_aa_identities"", ""neighbor_m_message_vector_coming_from_center"", ""neighbor_m_neighbor_embedding"", ""neighbor_w_message_vector_coming_from_center"", ""neighbor_w_neighbor_embedding"", ""w_n_log_prob""]"	0.989426
S_2648	V3	S_2648_pmppn_info_dict_V3.pickle	builtins.dict	132	"[""'1e65A'"", ""'1a43A'"", ""'1a5eA'"", ""'1aepA'"", ""'1ag2A'"", ""'1aj3A'"", ""'1akyA'"", ""'1am7A'"", ""'1amqA'"", ""'1ankA'"", ""'1aonU'"", ""'1apsA'""]"	132	2648	1	8.0	482	43	"[""V2_backward_weighted_neighbor_backward_KL"", ""V2_backward_weighted_neighbor_energy_changes"", ""V2_backward_weighted_neighbor_entropy_changes"", ""alternate_pssm"", ""backward_weighted_neighbor_backward_KL"", ""backward_weighted_neighbor_energy_changes"", ""backward_weighted_neighbor_entropy_changes"", ""center_entropy"", ""center_mut_max_energy"", ""center_mut_wild_energy"", ""center_neighbor_weight_check_m_w"", ""center_neighbor_weight_check_w_m"", ""ddg"", ""log_prob"", ""m_n_log_prob"", ""mut"", ""neighbor_aa_identities"", ""neighbor_embedding_change_m_w"", ""neighbor_embedding_change_m_w_raw"", ""neighbor_m_message_vector_coming_from_center"", ""neighbor_m_neighbor_embedding"", ""neighbor_message_change_m_w"", ""neighbor_message_change_m_w_raw"", ""neighbor_w_message_vector_coming_from_center"", ""neighbor_w_neighbor_embedding"", ""sum_neighbor_embedding_change_m_w"", ""top_10_attention_weights"", ""top_10_closest_neighbor_indices"", ""top_10_neighbor_indices"", ""top_15_attention_weights"", ""top_15_closest_neighbor_indices"", ""top_15_neighbor_indices"", ""top_5_attention_weights"", ""top_5_neighbor_indices"", ""unweighted_backward_KL"", ""unweighted_forward_KL"", ""w_n_log_prob"", ""weighted_neighbor_backward_KL"", ""weighted_neighbor_energy_changes"", ""weighted_neighbor_entropies"", ""weighted_neighbor_entropy_changes"", ""weighted_neighbor_forward_KL"", ""wild_pssm""]"	"[""ddg"", ""mut""]"	"[""V2_backward_weighted_neighbor_backward_KL"", ""V2_backward_weighted_neighbor_energy_changes"", ""V2_backward_weighted_neighbor_entropy_changes"", ""alternate_pssm"", ""backward_weighted_neighbor_backward_KL"", ""backward_weighted_neighbor_energy_changes"", ""backward_weighted_neighbor_entropy_changes"", ""center_entropy"", ""center_mut_max_energy"", ""center_mut_wild_energy"", ""center_neighbor_weight_check_m_w"", ""center_neighbor_weight_check_w_m"", ""log_prob"", ""m_n_log_prob"", ""neighbor_aa_identities"", ""neighbor_embedding_change_m_w"", ""neighbor_embedding_change_m_w_raw"", ""neighbor_m_message_vector_coming_from_center"", ""neighbor_m_neighbor_embedding"", ""neighbor_message_change_m_w"", ""neighbor_message_change_m_w_raw"", ""neighbor_w_message_vector_coming_from_center"", ""neighbor_w_neighbor_embedding"", ""sum_neighbor_embedding_change_m_w"", ""top_10_attention_weights"", ""top_10_closest_neighbor_indices"", ""top_10_neighbor_indices"", ""top_15_attention_weights"", ""top_15_closest_neighbor_indices"", ""top_15_neighbor_indices"", ""top_5_attention_weights"", ""top_5_neighbor_indices"", ""unweighted_backward_KL"", ""unweighted_forward_KL"", ""w_n_log_prob"", ""weighted_neighbor_backward_KL"", ""weighted_neighbor_energy_changes"", ""weighted_neighbor_entropies"", ""weighted_neighbor_entropy_changes"", ""weighted_neighbor_forward_KL"", ""wild_pssm""]"	"[""m_n_log_prob"", ""neighbor_aa_identities"", ""neighbor_m_message_vector_coming_from_center"", ""neighbor_m_neighbor_embedding"", ""neighbor_w_message_vector_coming_from_center"", ""neighbor_w_neighbor_embedding"", ""w_n_log_prob""]"	[]	[]	"[""m_n_log_prob"", ""neighbor_aa_identities"", ""neighbor_m_message_vector_coming_from_center"", ""neighbor_m_neighbor_embedding"", ""neighbor_w_message_vector_coming_from_center"", ""neighbor_w_neighbor_embedding"", ""w_n_log_prob""]"	0.989426
S_921	base	S_921_pmppn_info_dict.pickle	builtins.dict	195	"[""'107lA'"", ""'108lA'"", ""'109lA'"", ""'110lA'"", ""'111lA'"", ""'112lA'"", ""'113lA'"", ""'114lA'"", ""'115lA'"", ""'118lA'"", ""'119lA'"", ""'120lA'""]"	195	921	1	1	153	16	"[""ddg"", ""log_prob"", ""m_n_log_prob"", ""mut"", ""neighbor_aa_identities"", ""neighbor_m_message_vector_coming_from_center"", ""neighbor_w_message_vector_coming_from_center"", ""top_10_attention_weights"", ""top_10_closest_neighbor_indices"", ""top_10_neighbor_indices"", ""top_15_attention_weights"", ""top_15_closest_neighbor_indices"", ""top_15_neighbor_indices"", ""top_5_attention_weights"", ""top_5_neighbor_indices"", ""w_n_log_prob""]"	"[""ddg"", ""log_prob"", ""m_n_log_prob"", ""mut"", ""neighbor_aa_identities"", ""neighbor_m_message_vector_coming_from_center"", ""neighbor_w_message_vector_coming_from_center"", ""top_10_attention_weights"", ""top_10_closest_neighbor_indices"", ""top_10_neighbor_indices"", ""top_15_attention_weights"", ""top_15_closest_neighbor_indices"", ""top_15_neighbor_indices"", ""top_5_attention_weights"", ""top_5_neighbor_indices"", ""w_n_log_prob""]"	[]	"[""m_n_log_prob"", ""neighbor_aa_identities"", ""neighbor_m_message_vector_coming_from_center"", ""neighbor_w_message_vector_coming_from_center"", ""w_n_log_prob""]"	"[""neighbor_m_neighbor_embedding"", ""neighbor_w_neighbor_embedding""]"	"[""m_n_log_prob"", ""neighbor_aa_identities"", ""neighbor_m_message_vector_coming_from_center"", ""neighbor_w_message_vector_coming_from_center"", ""w_n_log_prob""]"	"[""neighbor_m_neighbor_embedding"", ""neighbor_w_neighbor_embedding""]"	0.000000
S_921	V2	S_921_pmppn_info_dict_V2.pickle	builtins.dict	195	"[""'107lA'"", ""'108lA'"", ""'109lA'"", ""'110lA'"", ""'111lA'"", ""'112lA'"", ""'113lA'"", ""'114lA'"", ""'115lA'"", ""'118lA'"", ""'119lA'"", ""'120lA'""]"	195	921	1	1	153	42	"[""V2_backward_weighted_neighbor_backward_KL"", ""V2_backward_weighted_neighbor_energy_changes"", ""V2_backward_weighted_neighbor_entropy_changes"", ""alternate_pssm"", ""backward_weighted_neighbor_backward_KL"", ""backward_weighted_neighbor_energy_changes"", ""backward_weighted_neighbor_entropy_changes"", ""center_entropy"", ""center_mut_max_energy"", ""center_mut_wild_energy"", ""center_neighbor_weight_check_m_w"", ""center_neighbor_weight_check_w_m"", ""ddg"", ""log_prob"", ""m_n_log_prob"", ""mut"", ""neighbor_aa_identities"", ""neighbor_embedding_change_m_w"", ""neighbor_embedding_change_m_w_raw"", ""neighbor_m_message_vector_coming_from_center"", ""neighbor_m_neighbor_embedding"", ""neighbor_message_change_m_w"", ""neighbor_w_message_vector_coming_from_center"", ""neighbor_w_neighbor_embedding"", ""sum_neighbor_embedding_change_m_w"", ""top_10_attention_weights"", ""top_10_closest_neighbor_indices"", ""top_10_neighbor_indices"", ""top_15_attention_weights"", ""top_15_closest_neighbor_indices"", ""top_15_neighbor_indices"", ""top_5_attention_weights"", ""top_5_neighbor_indices"", ""unweighted_backward_KL"", ""unweighted_forward_KL"", ""w_n_log_prob"", ""weighted_neighbor_backward_KL"", ""weighted_neighbor_energy_changes"", ""weighted_neighbor_entropies"", ""weighted_neighbor_entropy_changes"", ""weighted_neighbor_forward_KL"", ""wild_pssm""]"	"[""V2_backward_weighted_neighbor_backward_KL"", ""V2_backward_weighted_neighbor_energy_changes"", ""V2_backward_weighted_neighbor_entropy_changes"", ""alternate_pssm"", ""backward_weighted_neighbor_backward_KL"", ""backward_weighted_neighbor_energy_changes"", ""backward_weighted_neighbor_entropy_changes"", ""center_entropy"", ""center_mut_max_energy"", ""center_mut_wild_energy"", ""center_neighbor_weight_check_m_w"", ""center_neighbor_weight_check_w_m"", ""ddg"", ""log_prob"", ""m_n_log_prob"", ""mut"", ""neighbor_aa_identities"", ""neighbor_embedding_change_m_w"", ""neighbor_embedding_change_m_w_raw"", ""neighbor_m_message_vector_coming_from_center"", ""neighbor_m_neighbor_embedding"", ""neighbor_message_change_m_w"", ""neighbor_w_message_vector_coming_from_center"", ""neighbor_w_neighbor_embedding"", ""sum_neighbor_embedding_change_m_w"", ""top_10_attention_weights"", ""top_10_closest_neighbor_indices"", ""top_10_neighbor_indices"", ""top_15_attention_weights"", ""top_15_closest_neighbor_indices"", ""top_15_neighbor_indices"", ""top_5_attention_weights"", ""top_5_neighbor_indices"", ""unweighted_backward_KL"", ""unweighted_forward_KL"", ""w_n_log_prob"", ""weighted_neighbor_backward_KL"", ""weighted_neighbor_energy_changes"", ""weighted_neighbor_entropies"", ""weighted_neighbor_entropy_changes"", ""weighted_neighbor_forward_KL"", ""wild_pssm""]"	[]	"[""m_n_log_prob"", ""neighbor_aa_identities"", ""neighbor_m_message_vector_coming_from_center"", ""neighbor_m_neighbor_embedding"", ""neighbor_w_message_vector_coming_from_center"", ""neighbor_w_neighbor_embedding"", ""w_n_log_prob""]"	[]	"[""m_n_log_prob"", ""neighbor_aa_identities"", ""neighbor_m_message_vector_coming_from_center"", ""neighbor_m_neighbor_embedding"", ""neighbor_w_message_vector_coming_from_center"", ""neighbor_w_neighbor_embedding"", ""w_n_log_prob""]"	[]	1.000000
S_921	V3	S_921_pmppn_info_dict_V3.pickle	builtins.dict	195	"[""'107lA'"", ""'108lA'"", ""'109lA'"", ""'110lA'"", ""'111lA'"", ""'112lA'"", ""'113lA'"", ""'114lA'"", ""'115lA'"", ""'118lA'"", ""'119lA'"", ""'120lA'""]"	195	921	1	1	153	43	"[""V2_backward_weighted_neighbor_backward_KL"", ""V2_backward_weighted_neighbor_energy_changes"", ""V2_backward_weighted_neighbor_entropy_changes"", ""alternate_pssm"", ""backward_weighted_neighbor_backward_KL"", ""backward_weighted_neighbor_energy_changes"", ""backward_weighted_neighbor_entropy_changes"", ""center_entropy"", ""center_mut_max_energy"", ""center_mut_wild_energy"", ""center_neighbor_weight_check_m_w"", ""center_neighbor_weight_check_w_m"", ""ddg"", ""log_prob"", ""m_n_log_prob"", ""mut"", ""neighbor_aa_identities"", ""neighbor_embedding_change_m_w"", ""neighbor_embedding_change_m_w_raw"", ""neighbor_m_message_vector_coming_from_center"", ""neighbor_m_neighbor_embedding"", ""neighbor_message_change_m_w"", ""neighbor_message_change_m_w_raw"", ""neighbor_w_message_vector_coming_from_center"", ""neighbor_w_neighbor_embedding"", ""sum_neighbor_embedding_change_m_w"", ""top_10_attention_weights"", ""top_10_closest_neighbor_indices"", ""top_10_neighbor_indices"", ""top_15_attention_weights"", ""top_15_closest_neighbor_indices"", ""top_15_neighbor_indices"", ""top_5_attention_weights"", ""top_5_neighbor_indices"", ""unweighted_backward_KL"", ""unweighted_forward_KL"", ""w_n_log_prob"", ""weighted_neighbor_backward_KL"", ""weighted_neighbor_energy_changes"", ""weighted_neighbor_entropies"", ""weighted_neighbor_entropy_changes"", ""weighted_neighbor_forward_KL"", ""wild_pssm""]"	"[""V2_backward_weighted_neighbor_backward_KL"", ""V2_backward_weighted_neighbor_energy_changes"", ""V2_backward_weighted_neighbor_entropy_changes"", ""alternate_pssm"", ""backward_weighted_neighbor_backward_KL"", ""backward_weighted_neighbor_energy_changes"", ""backward_weighted_neighbor_entropy_changes"", ""center_entropy"", ""center_mut_max_energy"", ""center_mut_wild_energy"", ""center_neighbor_weight_check_m_w"", ""center_neighbor_weight_check_w_m"", ""ddg"", ""log_prob"", ""m_n_log_prob"", ""mut"", ""neighbor_aa_identities"", ""neighbor_embedding_change_m_w"", ""neighbor_embedding_change_m_w_raw"", ""neighbor_m_message_vector_coming_from_center"", ""neighbor_m_neighbor_embedding"", ""neighbor_message_change_m_w"", ""neighbor_message_change_m_w_raw"", ""neighbor_w_message_vector_coming_from_center"", ""neighbor_w_neighbor_embedding"", ""sum_neighbor_embedding_change_m_w"", ""top_10_attention_weights"", ""top_10_closest_neighbor_indices"", ""top_10_neighbor_indices"", ""top_15_attention_weights"", ""top_15_closest_neighbor_indices"", ""top_15_neighbor_indices"", ""top_5_attention_weights"", ""top_5_neighbor_indices"", ""unweighted_backward_KL"", ""unweighted_forward_KL"", ""w_n_log_prob"", ""weighted_neighbor_backward_KL"", ""weighted_neighbor_energy_changes"", ""weighted_neighbor_entropies"", ""weighted_neighbor_entropy_changes"", ""weighted_neighbor_forward_KL"", ""wild_pssm""]"	[]	"[""m_n_log_prob"", ""neighbor_aa_identities"", ""neighbor_m_message_vector_coming_from_center"", ""neighbor_m_neighbor_embedding"", ""neighbor_w_message_vector_coming_from_center"", ""neighbor_w_neighbor_embedding"", ""w_n_log_prob""]"	[]	"[""m_n_log_prob"", ""neighbor_aa_identities"", ""neighbor_m_message_vector_coming_from_center"", ""neighbor_m_neighbor_embedding"", ""neighbor_w_message_vector_coming_from_center"", ""neighbor_w_neighbor_embedding"", ""w_n_log_prob""]"	[]	1.000000
S_669	base	S_669_pmppn_info_dict.pickle	builtins.dict	94	"[""'1a0fA'"", ""'1a7vA'"", ""'1ba3A'"", ""'1bfmA'"", ""'1bnlA'"", ""'1d5gA'"", ""'1divA'"", ""'1dxxA'"", ""'1ekgA'"", ""'1f8iA'"", ""'1fh5H'"", ""'1frdA'""]"	94	669	1	3.0	68	16	"[""ddg"", ""log_prob"", ""m_n_log_prob"", ""mut"", ""neighbor_aa_identities"", ""neighbor_m_message_vector_coming_from_center"", ""neighbor_w_message_vector_coming_from_center"", ""top_10_attention_weights"", ""top_10_closest_neighbor_indices"", ""top_10_neighbor_indices"", ""top_15_attention_weights"", ""top_15_closest_neighbor_indices"", ""top_15_neighbor_indices"", ""top_5_attention_weights"", ""top_5_neighbor_indices"", ""w_n_log_prob""]"	"[""ddg"", ""mut""]"	"[""log_prob"", ""m_n_log_prob"", ""neighbor_aa_identities"", ""neighbor_m_message_vector_coming_from_center"", ""neighbor_w_message_vector_coming_from_center"", ""top_10_attention_weights"", ""top_10_closest_neighbor_indices"", ""top_10_neighbor_indices"", ""top_15_attention_weights"", ""top_15_closest_neighbor_indices"", ""top_15_neighbor_indices"", ""top_5_attention_weights"", ""top_5_neighbor_indices"", ""w_n_log_prob""]"	"[""m_n_log_prob"", ""neighbor_aa_identities"", ""neighbor_m_message_vector_coming_from_center"", ""neighbor_w_message_vector_coming_from_center"", ""w_n_log_prob""]"	"[""neighbor_m_neighbor_embedding"", ""neighbor_w_neighbor_embedding""]"	[]	"[""m_n_log_prob"", ""neighbor_aa_identities"", ""neighbor_m_message_vector_coming_from_center"", ""neighbor_m_neighbor_embedding"", ""neighbor_w_message_vector_coming_from_center"", ""neighbor_w_neighbor_embedding"", ""w_n_log_prob""]"	0.000000
S_669	V2	S_669_pmppn_info_dict_V2.pickle	builtins.dict	94	"[""'1a0fA'"", ""'1a7vA'"", ""'1ba3A'"", ""'1bfmA'"", ""'1bnlA'"", ""'1d5gA'"", ""'1divA'"", ""'1dxxA'"", ""'1ekgA'"", ""'1f8iA'"", ""'1fh5H'"", ""'1frdA'""]"	94	669	1	3.0	68	41	"[""V2_backward_weighted_neighbor_backward_KL"", ""V2_backward_weighted_neighbor_energy_changes"", ""V2_backward_weighted_neighbor_entropy_changes"", ""alternate_pssm"", ""backward_weighted_neighbor_backward_KL"", ""backward_weighted_neighbor_energy_changes"", ""backward_weighted_neighbor_entropy_changes"", ""center_entropy"", ""center_mut_max_energy"", ""center_mut_wild_energy"", ""center_neighbor_weight_check_m_w"", ""center_neighbor_weight_check_w_m"", ""ddg"", ""log_prob"", ""m_n_log_prob"", ""mut"", ""neighbor_aa_identities"", ""neighbor_embedding_change_m_w"", ""neighbor_embedding_change_m_w_raw"", ""neighbor_m_message_vector_coming_from_center"", ""neighbor_m_neighbor_embedding"", ""neighbor_message_change_m_w"", ""neighbor_w_message_vector_coming_from_center"", ""neighbor_w_neighbor_embedding"", ""top_10_attention_weights"", ""top_10_closest_neighbor_indices"", ""top_10_neighbor_indices"", ""top_15_attention_weights"", ""top_15_closest_neighbor_indices"", ""top_15_neighbor_indices"", ""top_5_attention_weights"", ""top_5_neighbor_indices"", ""unweighted_backward_KL"", ""unweighted_forward_KL"", ""w_n_log_prob"", ""weighted_neighbor_backward_KL"", ""weighted_neighbor_energy_changes"", ""weighted_neighbor_entropies"", ""weighted_neighbor_entropy_changes"", ""weighted_neighbor_forward_KL"", ""wild_pssm""]"	"[""ddg"", ""mut""]"	"[""V2_backward_weighted_neighbor_backward_KL"", ""V2_backward_weighted_neighbor_energy_changes"", ""V2_backward_weighted_neighbor_entropy_changes"", ""alternate_pssm"", ""backward_weighted_neighbor_backward_KL"", ""backward_weighted_neighbor_energy_changes"", ""backward_weighted_neighbor_entropy_changes"", ""center_entropy"", ""center_mut_max_energy"", ""center_mut_wild_energy"", ""center_neighbor_weight_check_m_w"", ""center_neighbor_weight_check_w_m"", ""log_prob"", ""m_n_log_prob"", ""neighbor_aa_identities"", ""neighbor_embedding_change_m_w"", ""neighbor_embedding_change_m_w_raw"", ""neighbor_m_message_vector_coming_from_center"", ""neighbor_m_neighbor_embedding"", ""neighbor_message_change_m_w"", ""neighbor_w_message_vector_coming_from_center"", ""neighbor_w_neighbor_embedding"", ""top_10_attention_weights"", ""top_10_closest_neighbor_indices"", ""top_10_neighbor_indices"", ""top_15_attention_weights"", ""top_15_closest_neighbor_indices"", ""top_15_neighbor_indices"", ""top_5_attention_weights"", ""top_5_neighbor_indices"", ""unweighted_backward_KL"", ""unweighted_forward_KL"", ""w_n_log_prob"", ""weighted_neighbor_backward_KL"", ""weighted_neighbor_energy_changes"", ""weighted_neighbor_entropies"", ""weighted_neighbor_entropy_changes"", ""weighted_neighbor_forward_KL"", ""wild_pssm""]"	"[""m_n_log_prob"", ""neighbor_aa_identities"", ""neighbor_m_message_vector_coming_from_center"", ""neighbor_m_neighbor_embedding"", ""neighbor_w_message_vector_coming_from_center"", ""neighbor_w_neighbor_embedding"", ""w_n_log_prob""]"	[]	[]	"[""m_n_log_prob"", ""neighbor_aa_identities"", ""neighbor_m_message_vector_coming_from_center"", ""neighbor_m_neighbor_embedding"", ""neighbor_w_message_vector_coming_from_center"", ""neighbor_w_neighbor_embedding"", ""w_n_log_prob""]"	0.953662
S_669	V3	S_669_pmppn_info_dict_V3.pickle	builtins.dict	94	"[""'1a0fA'"", ""'1a7vA'"", ""'1ba3A'"", ""'1bfmA'"", ""'1bnlA'"", ""'1d5gA'"", ""'1divA'"", ""'1dxxA'"", ""'1ekgA'"", ""'1f8iA'"", ""'1fh5H'"", ""'1frdA'""]"	94	669	1	3.0	68	42	"[""V2_backward_weighted_neighbor_backward_KL"", ""V2_backward_weighted_neighbor_energy_changes"", ""V2_backward_weighted_neighbor_entropy_changes"", ""alternate_pssm"", ""backward_weighted_neighbor_backward_KL"", ""backward_weighted_neighbor_energy_changes"", ""backward_weighted_neighbor_entropy_changes"", ""center_entropy"", ""center_mut_max_energy"", ""center_mut_wild_energy"", ""center_neighbor_weight_check_m_w"", ""center_neighbor_weight_check_w_m"", ""ddg"", ""log_prob"", ""m_n_log_prob"", ""mut"", ""neighbor_aa_identities"", ""neighbor_embedding_change_m_w"", ""neighbor_embedding_change_m_w_raw"", ""neighbor_m_message_vector_coming_from_center"", ""neighbor_m_neighbor_embedding"", ""neighbor_message_change_m_w"", ""neighbor_message_change_m_w_raw"", ""neighbor_w_message_vector_coming_from_center"", ""neighbor_w_neighbor_embedding"", ""top_10_attention_weights"", ""top_10_closest_neighbor_indices"", ""top_10_neighbor_indices"", ""top_15_attention_weights"", ""top_15_closest_neighbor_indices"", ""top_15_neighbor_indices"", ""top_5_attention_weights"", ""top_5_neighbor_indices"", ""unweighted_backward_KL"", ""unweighted_forward_KL"", ""w_n_log_prob"", ""weighted_neighbor_backward_KL"", ""weighted_neighbor_energy_changes"", ""weighted_neighbor_entropies"", ""weighted_neighbor_entropy_changes"", ""weighted_neighbor_forward_KL"", ""wild_pssm""]"	"[""ddg"", ""mut""]"	"[""V2_backward_weighted_neighbor_backward_KL"", ""V2_backward_weighted_neighbor_energy_changes"", ""V2_backward_weighted_neighbor_entropy_changes"", ""alternate_pssm"", ""backward_weighted_neighbor_backward_KL"", ""backward_weighted_neighbor_energy_changes"", ""backward_weighted_neighbor_entropy_changes"", ""center_entropy"", ""center_mut_max_energy"", ""center_mut_wild_energy"", ""center_neighbor_weight_check_m_w"", ""center_neighbor_weight_check_w_m"", ""log_prob"", ""m_n_log_prob"", ""neighbor_aa_identities"", ""neighbor_embedding_change_m_w"", ""neighbor_embedding_change_m_w_raw"", ""neighbor_m_message_vector_coming_from_center"", ""neighbor_m_neighbor_embedding"", ""neighbor_message_change_m_w"", ""neighbor_message_change_m_w_raw"", ""neighbor_w_message_vector_coming_from_center"", ""neighbor_w_neighbor_embedding"", ""top_10_attention_weights"", ""top_10_closest_neighbor_indices"", ""top_10_neighbor_indices"", ""top_15_attention_weights"", ""top_15_closest_neighbor_indices"", ""top_15_neighbor_indices"", ""top_5_attention_weights"", ""top_5_neighbor_indices"", ""unweighted_backward_KL"", ""unweighted_forward_KL"", ""w_n_log_prob"", ""weighted_neighbor_backward_KL"", ""weighted_neighbor_energy_changes"", ""weighted_neighbor_entropies"", ""weighted_neighbor_entropy_changes"", ""weighted_neighbor_forward_KL"", ""wild_pssm""]"	"[""m_n_log_prob"", ""neighbor_aa_identities"", ""neighbor_m_message_vector_coming_from_center"", ""neighbor_m_neighbor_embedding"", ""neighbor_w_message_vector_coming_from_center"", ""neighbor_w_neighbor_embedding"", ""w_n_log_prob""]"	[]	[]	"[""m_n_log_prob"", ""neighbor_aa_identities"", ""neighbor_m_message_vector_coming_from_center"", ""neighbor_m_neighbor_embedding"", ""neighbor_w_message_vector_coming_from_center"", ""neighbor_w_neighbor_embedding"", ""w_n_log_prob""]"	0.953662
Ssym	base	Ssym_pmppn_info_dict.pickle	builtins.dict	15	"[""'1amqA'"", ""'1bniA'"", ""'1ceyA'"", ""'1ey0A'"", ""'1ihbA'"", ""'1iobA'"", ""'1l63A'"", ""'1lz1A'"", ""'1oh0A'"", ""'1rn1C'"", ""'1vqbA'"", ""'2lzmA'""]"	15	342	1	5	118	16	"[""ddg"", ""log_prob"", ""m_n_log_prob"", ""mut"", ""neighbor_aa_identities"", ""neighbor_m_message_vector_coming_from_center"", ""neighbor_w_message_vector_coming_from_center"", ""top_10_attention_weights"", ""top_10_closest_neighbor_indices"", ""top_10_neighbor_indices"", ""top_15_attention_weights"", ""top_15_closest_neighbor_indices"", ""top_15_neighbor_indices"", ""top_5_attention_weights"", ""top_5_neighbor_indices"", ""w_n_log_prob""]"	"[""ddg"", ""log_prob"", ""m_n_log_prob"", ""mut"", ""neighbor_aa_identities"", ""neighbor_m_message_vector_coming_from_center"", ""neighbor_w_message_vector_coming_from_center"", ""top_10_attention_weights"", ""top_10_closest_neighbor_indices"", ""top_10_neighbor_indices"", ""top_15_attention_weights"", ""top_15_closest_neighbor_indices"", ""top_15_neighbor_indices"", ""top_5_attention_weights"", ""top_5_neighbor_indices"", ""w_n_log_prob""]"	[]	"[""m_n_log_prob"", ""neighbor_aa_identities"", ""neighbor_m_message_vector_coming_from_center"", ""neighbor_w_message_vector_coming_from_center"", ""w_n_log_prob""]"	"[""neighbor_m_neighbor_embedding"", ""neighbor_w_neighbor_embedding""]"	"[""m_n_log_prob"", ""neighbor_aa_identities"", ""neighbor_m_message_vector_coming_from_center"", ""neighbor_w_message_vector_coming_from_center"", ""w_n_log_prob""]"	"[""neighbor_m_neighbor_embedding"", ""neighbor_w_neighbor_embedding""]"	0.000000
Ssym	V2	Ssym_pmppn_info_dict_V2.pickle	builtins.dict	15	"[""'1amqA'"", ""'1bniA'"", ""'1ceyA'"", ""'1ey0A'"", ""'1ihbA'"", ""'1iobA'"", ""'1l63A'"", ""'1lz1A'"", ""'1oh0A'"", ""'1rn1C'"", ""'1vqbA'"", ""'2lzmA'""]"	15	342	1	5	118	41	"[""V2_backward_weighted_neighbor_backward_KL"", ""V2_backward_weighted_neighbor_energy_changes"", ""V2_backward_weighted_neighbor_entropy_changes"", ""alternate_pssm"", ""backward_weighted_neighbor_backward_KL"", ""backward_weighted_neighbor_energy_changes"", ""backward_weighted_neighbor_entropy_changes"", ""center_entropy"", ""center_mut_max_energy"", ""center_mut_wild_energy"", ""center_neighbor_weight_check_m_w"", ""center_neighbor_weight_check_w_m"", ""ddg"", ""log_prob"", ""m_n_log_prob"", ""mut"", ""neighbor_aa_identities"", ""neighbor_embedding_change_m_w"", ""neighbor_embedding_change_m_w_raw"", ""neighbor_m_message_vector_coming_from_center"", ""neighbor_m_neighbor_embedding"", ""neighbor_message_change_m_w"", ""neighbor_w_message_vector_coming_from_center"", ""neighbor_w_neighbor_embedding"", ""top_10_attention_weights"", ""top_10_closest_neighbor_indices"", ""top_10_neighbor_indices"", ""top_15_attention_weights"", ""top_15_closest_neighbor_indices"", ""top_15_neighbor_indices"", ""top_5_attention_weights"", ""top_5_neighbor_indices"", ""unweighted_backward_KL"", ""unweighted_forward_KL"", ""w_n_log_prob"", ""weighted_neighbor_backward_KL"", ""weighted_neighbor_energy_changes"", ""weighted_neighbor_entropies"", ""weighted_neighbor_entropy_changes"", ""weighted_neighbor_forward_KL"", ""wild_pssm""]"	"[""V2_backward_weighted_neighbor_backward_KL"", ""V2_backward_weighted_neighbor_energy_changes"", ""V2_backward_weighted_neighbor_entropy_changes"", ""alternate_pssm"", ""backward_weighted_neighbor_backward_KL"", ""backward_weighted_neighbor_energy_changes"", ""backward_weighted_neighbor_entropy_changes"", ""center_entropy"", ""center_mut_max_energy"", ""center_mut_wild_energy"", ""center_neighbor_weight_check_m_w"", ""center_neighbor_weight_check_w_m"", ""ddg"", ""log_prob"", ""m_n_log_prob"", ""mut"", ""neighbor_aa_identities"", ""neighbor_embedding_change_m_w"", ""neighbor_embedding_change_m_w_raw"", ""neighbor_m_message_vector_coming_from_center"", ""neighbor_m_neighbor_embedding"", ""neighbor_message_change_m_w"", ""neighbor_w_message_vector_coming_from_center"", ""neighbor_w_neighbor_embedding"", ""top_10_attention_weights"", ""top_10_closest_neighbor_indices"", ""top_10_neighbor_indices"", ""top_15_attention_weights"", ""top_15_closest_neighbor_indices"", ""top_15_neighbor_indices"", ""top_5_attention_weights"", ""top_5_neighbor_indices"", ""unweighted_backward_KL"", ""unweighted_forward_KL"", ""w_n_log_prob"", ""weighted_neighbor_backward_KL"", ""weighted_neighbor_energy_changes"", ""weighted_neighbor_entropies"", ""weighted_neighbor_entropy_changes"", ""weighted_neighbor_forward_KL"", ""wild_pssm""]"	[]	"[""m_n_log_prob"", ""neighbor_aa_identities"", ""neighbor_m_message_vector_coming_from_center"", ""neighbor_m_neighbor_embedding"", ""neighbor_w_message_vector_coming_from_center"", ""neighbor_w_neighbor_embedding"", ""w_n_log_prob""]"	[]	"[""m_n_log_prob"", ""neighbor_aa_identities"", ""neighbor_m_message_vector_coming_from_center"", ""neighbor_m_neighbor_embedding"", ""neighbor_w_message_vector_coming_from_center"", ""neighbor_w_neighbor_embedding"", ""w_n_log_prob""]"	[]	1.000000
Ssym	V3	Ssym_pmppn_info_dict_V3.pickle	builtins.dict	15	"[""'1amqA'"", ""'1bniA'"", ""'1ceyA'"", ""'1ey0A'"", ""'1ihbA'"", ""'1iobA'"", ""'1l63A'"", ""'1lz1A'"", ""'1oh0A'"", ""'1rn1C'"", ""'1vqbA'"", ""'2lzmA'""]"	15	342	1	5	118	42	"[""V2_backward_weighted_neighbor_backward_KL"", ""V2_backward_weighted_neighbor_energy_changes"", ""V2_backward_weighted_neighbor_entropy_changes"", ""alternate_pssm"", ""backward_weighted_neighbor_backward_KL"", ""backward_weighted_neighbor_energy_changes"", ""backward_weighted_neighbor_entropy_changes"", ""center_entropy"", ""center_mut_max_energy"", ""center_mut_wild_energy"", ""center_neighbor_weight_check_m_w"", ""center_neighbor_weight_check_w_m"", ""ddg"", ""log_prob"", ""m_n_log_prob"", ""mut"", ""neighbor_aa_identities"", ""neighbor_embedding_change_m_w"", ""neighbor_embedding_change_m_w_raw"", ""neighbor_m_message_vector_coming_from_center"", ""neighbor_m_neighbor_embedding"", ""neighbor_message_change_m_w"", ""neighbor_message_change_m_w_raw"", ""neighbor_w_message_vector_coming_from_center"", ""neighbor_w_neighbor_embedding"", ""top_10_attention_weights"", ""top_10_closest_neighbor_indices"", ""top_10_neighbor_indices"", ""top_15_attention_weights"", ""top_15_closest_neighbor_indices"", ""top_15_neighbor_indices"", ""top_5_attention_weights"", ""top_5_neighbor_indices"", ""unweighted_backward_KL"", ""unweighted_forward_KL"", ""w_n_log_prob"", ""weighted_neighbor_backward_KL"", ""weighted_neighbor_energy_changes"", ""weighted_neighbor_entropies"", ""weighted_neighbor_entropy_changes"", ""weighted_neighbor_forward_KL"", ""wild_pssm""]"	"[""V2_backward_weighted_neighbor_backward_KL"", ""V2_backward_weighted_neighbor_energy_changes"", ""V2_backward_weighted_neighbor_entropy_changes"", ""alternate_pssm"", ""backward_weighted_neighbor_backward_KL"", ""backward_weighted_neighbor_energy_changes"", ""backward_weighted_neighbor_entropy_changes"", ""center_entropy"", ""center_mut_max_energy"", ""center_mut_wild_energy"", ""center_neighbor_weight_check_m_w"", ""center_neighbor_weight_check_w_m"", ""ddg"", ""log_prob"", ""m_n_log_prob"", ""mut"", ""neighbor_aa_identities"", ""neighbor_embedding_change_m_w"", ""neighbor_embedding_change_m_w_raw"", ""neighbor_m_message_vector_coming_from_center"", ""neighbor_m_neighbor_embedding"", ""neighbor_message_change_m_w"", ""neighbor_message_change_m_w_raw"", ""neighbor_w_message_vector_coming_from_center"", ""neighbor_w_neighbor_embedding"", ""top_10_attention_weights"", ""top_10_closest_neighbor_indices"", ""top_10_neighbor_indices"", ""top_15_attention_weights"", ""top_15_closest_neighbor_indices"", ""top_15_neighbor_indices"", ""top_5_attention_weights"", ""top_5_neighbor_indices"", ""unweighted_backward_KL"", ""unweighted_forward_KL"", ""w_n_log_prob"", ""weighted_neighbor_backward_KL"", ""weighted_neighbor_energy_changes"", ""weighted_neighbor_entropies"", ""weighted_neighbor_entropy_changes"", ""weighted_neighbor_forward_KL"", ""wild_pssm""]"	[]	"[""m_n_log_prob"", ""neighbor_aa_identities"", ""neighbor_m_message_vector_coming_from_center"", ""neighbor_m_neighbor_embedding"", ""neighbor_w_message_vector_coming_from_center"", ""neighbor_w_neighbor_embedding"", ""w_n_log_prob""]"	[]	"[""m_n_log_prob"", ""neighbor_aa_identities"", ""neighbor_m_message_vector_coming_from_center"", ""neighbor_m_neighbor_embedding"", ""neighbor_w_message_vector_coming_from_center"", ""neighbor_w_neighbor_embedding"", ""w_n_log_prob""]"	[]	1.000000
