root_a	path_a	root_b	path_b	jaccard	containment_smaller	shared_tokens	tokens_a	tokens_b
git_sajid_additions	ProteinMPNNTesting_V6_V2.ipynb	git_sajid_additions	S921_ProteinMPNNTesting_V6_V2.ipynb	0.9934	0.9970	1654	1660	1659
git_sajid_additions	ProteinMPNNTesting_V6_V2.ipynb	git_sajid_additions	Ssym_ProteinMPNNTesting_V6_V2.ipynb	0.9845	0.9970	1655	1660	1676
git_sajid_additions	S921_ProteinMPNNTesting_V6_V2.ipynb	git_sajid_additions	Ssym_ProteinMPNNTesting_V6_V2.ipynb	0.9839	0.9970	1654	1659	1676
git_sajid_additions	ProteinMPNNTesting_V4.ipynb	git_sajid_additions	ProteinMPNNTesting_V5.ipynb	0.9427	0.9966	1482	1487	1567
git_sajid_additions	ProteinMPNNTesting_V2.ipynb	git_sajid_additions	ProteinMPNNTesting_V4.ipynb	0.5258	0.9949	784	788	1487
git_sajid_additions	ProteinMPNNTesting_V6_V2.ipynb	git_sajid_additions	S669_ProteinMPNNTesting_V6_V2.ipynb	0.9868	0.9946	1647	1660	1656
git_sajid_additions	S669_ProteinMPNNTesting_V6.ipynb	git_sajid_additions	Ssym_ProteinMPNNTesting_V6.ipynb	0.9811	0.9946	1657	1666	1680
git_sajid_additions	S669_ProteinMPNNTesting_V6_V2.ipynb	git_sajid_additions	Ssym_ProteinMPNNTesting_V6_V2.ipynb	0.9774	0.9946	1647	1656	1676
git_sajid_additions	S669_ProteinMPNNTesting_V6_V2.ipynb	git_sajid_additions	S921_ProteinMPNNTesting_V6_V2.ipynb	0.9862	0.9940	1646	1656	1659
git_sajid_additions	ProteinMPNNTesting_V2.ipynb	git_sajid_additions	Ssym_ProteinMPNNTesting_V3.ipynb	0.9631	0.9937	783	788	808
git_sajid_additions	ProteinMPNNTesting_V6.ipynb	git_sajid_additions	S669_ProteinMPNNTesting_V6.ipynb	0.9799	0.9928	1654	1676	1666
git_sajid_additions	ProteinMPNNTesting_V6.ipynb	git_sajid_additions	Ssym_ProteinMPNNTesting_V6.ipynb	0.9811	0.9916	1662	1676	1680
git_sajid_additions	ProteinMPNNTesting_V5.ipynb	git_sajid_additions	ProteinMPNNTesting_V6.ipynb	0.9189	0.9911	1553	1567	1676
git_sajid_additions	S669_ProteinMPNNTesting_V3.ipynb	git_sajid_additions	Ssym_ProteinMPNNTesting_V3.ipynb	0.9509	0.9910	775	782	808
git_sajid_additions	Quick_Dirty_MPNN_ML.ipynb	git_sajid_additions	Quick_Dirty_MPNN_ML_V2.ipynb	0.8116	0.9907	534	539	653
drive_nested_proteinmpnn	colab_notebooks/ca_only_quickdemo.ipynb	drive_nested_proteinmpnn	colab_notebooks/quickdemo.ipynb	0.9791	0.9906	421	425	426
git_sajid_additions	ProteinMPNNTesting_V4.ipynb	git_sajid_additions	ProteinMPNNTesting_V6.ipynb	0.8705	0.9899	1472	1487	1676
git_sajid_additions	ProteinMPNNTesting_V2.ipynb	git_sajid_additions	ProteinMPNNTesting_V5.ipynb	0.4952	0.9898	780	788	1567
git_sajid_additions	ProteinMPNNTesting_V4.ipynb	git_sajid_additions	S669_ProteinMPNNTesting_V3.ipynb	0.5167	0.9885	773	1487	782
git_sajid_additions	Quick_Dirty_MPNN_ML_V2_V3.ipynb	git_sajid_additions	Quick_Dirty_MPNN_ML_V2_VGRAPHS_V1.ipynb	0.9665	0.9873	780	797	790
git_sajid_additions	ProteinMPNNTesting_V5.ipynb	git_sajid_additions	Ssym_ProteinMPNNTesting_V6.ipynb	0.9089	0.9866	1546	1567	1680
git_sajid_additions	ProteinMPNNTesting_V2.ipynb	git_sajid_additions	S669_ProteinMPNNTesting_V3.ipynb	0.9650	0.9859	771	788	782
git_sajid_additions	ProteinMPNNTesting_V4.ipynb	git_sajid_additions	Ssym_ProteinMPNNTesting_V6.ipynb	0.8586	0.9839	1463	1487	1680
git_sajid_additions	ProteinMPNNTesting_V5.ipynb	git_sajid_additions	S669_ProteinMPNNTesting_V3.ipynb	0.4867	0.9834	769	1567	782
git_sajid_additions	S669_ProteinMPNNTesting_V3.ipynb	git_sajid_additions	S669_ProteinMPNNTesting_V6.ipynb	0.4580	0.9834	769	782	1666
git_sajid_additions	Ssym_ProteinMPNNTesting_V3.ipynb	git_sajid_additions	Ssym_ProteinMPNNTesting_V6.ipynb	0.4678	0.9814	793	808	1680
git_sajid_additions	ProteinMPNNTesting_V2.ipynb	git_sajid_additions	Ssym_ProteinMPNNTesting_V6.ipynb	0.4560	0.9810	773	788	1680
git_sajid_additions	ProteinMPNNTesting_V5.ipynb	git_sajid_additions	S669_ProteinMPNNTesting_V6.ipynb	0.9051	0.9802	1536	1567	1666
git_sajid_additions	ProteinMPNNTesting_V2.ipynb	git_sajid_additions	ProteinMPNNTesting_V6.ipynb	0.4563	0.9797	772	788	1676
git_sajid_additions	ProteinMPNNTesting_V4.ipynb	git_sajid_additions	S669_ProteinMPNNTesting_V6.ipynb	0.8569	0.9785	1455	1487	1666
git_sajid_additions	ProteinMPNNTesting_V4.ipynb	git_sajid_additions	Ssym_ProteinMPNNTesting_V3.ipynb	0.5239	0.9765	789	1487	808
git_sajid_additions	S669_ProteinMPNNTesting_V3.ipynb	git_sajid_additions	Ssym_ProteinMPNNTesting_V6.ipynb	0.4482	0.9744	762	782	1680
git_sajid_additions	ProteinMPNNTesting_V5.ipynb	git_sajid_additions	Ssym_ProteinMPNNTesting_V3.ipynb	0.4956	0.9740	787	1567	808
git_sajid_additions	ProteinMPNNTesting_V6.ipynb	git_sajid_additions	S669_ProteinMPNNTesting_V3.ipynb	0.4484	0.9731	761	1676	782
git_sajid_additions	ProteinMPNNTesting_V2.ipynb	git_sajid_additions	S669_ProteinMPNNTesting_V6.ipynb	0.4529	0.9708	765	788	1666
git_sajid_additions	ProteinMPNNTesting_V6.ipynb	git_sajid_additions	S921_ProteinMPNNTesting_V6_V2.ipynb	0.9322	0.9699	1609	1676	1659
git_sajid_additions	S669_ProteinMPNNTesting_V6.ipynb	git_sajid_additions	S669_ProteinMPNNTesting_V6_V2.ipynb	0.9348	0.9692	1605	1666	1656
git_sajid_additions	S921_ProteinMPNNTesting_V6_V2.ipynb	git_sajid_additions	Ssym_ProteinMPNNTesting_V6.ipynb	0.9267	0.9681	1606	1659	1680
git_sajid_additions	ProteinMPNNTesting_V6.ipynb	git_sajid_additions	ProteinMPNNTesting_V6_V2.ipynb	0.9283	0.9675	1606	1676	1660
git_sajid_additions	ProteinMPNNTesting_V6_V2.ipynb	git_sajid_additions	Ssym_ProteinMPNNTesting_V6.ipynb	0.9262	0.9675	1606	1660	1680
git_sajid_additions	proteinmpnn_quickdemo.ipynb	drive_nested_proteinmpnn	colab_notebooks/quickdemo.ipynb	0.6458	0.9671	412	624	426
git_sajid_additions	Ssym_ProteinMPNNTesting_V6.ipynb	git_sajid_additions	Ssym_ProteinMPNNTesting_V6_V2.ipynb	0.9321	0.9660	1619	1680	1676
git_sajid_additions	ProteinMPNNTesting_V6.ipynb	git_sajid_additions	S669_ProteinMPNNTesting_V6_V2.ipynb	0.9216	0.9650	1598	1676	1656
git_sajid_additions	S669_ProteinMPNNTesting_V6_V2.ipynb	git_sajid_additions	Ssym_ProteinMPNNTesting_V6.ipynb	0.9194	0.9650	1598	1656	1680
git_sajid_additions	ProteinMPNNTesting_V6.ipynb	git_sajid_additions	Ssym_ProteinMPNNTesting_V3.ipynb	0.4569	0.9641	779	1676	808
git_sajid_additions	S669_ProteinMPNNTesting_V6.ipynb	git_sajid_additions	S921_ProteinMPNNTesting_V6_V2.ipynb	0.9253	0.9632	1598	1666	1659
git_sajid_additions	ProteinMPNNTesting_V6_V2.ipynb	git_sajid_additions	S669_ProteinMPNNTesting_V6.ipynb	0.9248	0.9627	1598	1660	1666
git_sajid_additions	proteinmpnn_quickdemo.ipynb	drive_nested_proteinmpnn	colab_notebooks/ca_only_quickdemo.ipynb	0.6391	0.9624	409	624	425
git_sajid_additions	S669_ProteinMPNNTesting_V6.ipynb	git_sajid_additions	Ssym_ProteinMPNNTesting_V6_V2.ipynb	0.9163	0.9592	1598	1666	1676
git_sajid_additions	ProteinMPNNTesting_V6.ipynb	git_sajid_additions	Ssym_ProteinMPNNTesting_V6_V2.ipynb	0.9198	0.9582	1606	1676	1676
git_sajid_additions	ProteinMPNNTesting_V5.ipynb	git_sajid_additions	ProteinMPNNTesting_V6_V2.ipynb	0.8686	0.9572	1500	1567	1660
git_sajid_additions	ProteinMPNNTesting_V5.ipynb	git_sajid_additions	Ssym_ProteinMPNNTesting_V6_V2.ipynb	0.8595	0.9566	1499	1567	1676
git_sajid_additions	ProteinMPNNTesting_V4.ipynb	git_sajid_additions	ProteinMPNNTesting_V6_V2.ipynb	0.8243	0.9563	1422	1487	1660
git_sajid_additions	S669_ProteinMPNNTesting_V6.ipynb	git_sajid_additions	Ssym_ProteinMPNNTesting_V3.ipynb	0.4536	0.9554	772	1666	808
git_sajid_additions	ProteinMPNNTesting_V5.ipynb	git_sajid_additions	S921_ProteinMPNNTesting_V6_V2.ipynb	0.8658	0.9553	1497	1567	1659
git_sajid_additions	ProteinMPNNTesting_V4.ipynb	git_sajid_additions	S921_ProteinMPNNTesting_V6_V2.ipynb	0.8217	0.9543	1419	1487	1659
git_sajid_additions	ProteinMPNNTesting_V4.ipynb	git_sajid_additions	Ssym_ProteinMPNNTesting_V6_V2.ipynb	0.8136	0.9543	1419	1487	1676
git_sajid_additions	ProteinMPNNTesting_V5.ipynb	git_sajid_additions	S669_ProteinMPNNTesting_V6_V2.ipynb	0.8587	0.9502	1489	1567	1656
git_sajid_additions	ProteinMPNNTesting_V4.ipynb	git_sajid_additions	S669_ProteinMPNNTesting_V6_V2.ipynb	0.8147	0.9489	1411	1487	1656
drive_nested_proteinmpnn	colab_notebooks/quickdemo.ipynb	drive_nested_proteinmpnn	colab_notebooks/quickdemo_wAF2.ipynb	0.6088	0.9460	403	426	639
drive_nested_proteinmpnn	colab_notebooks/ca_only_quickdemo.ipynb	drive_nested_proteinmpnn	colab_notebooks/quickdemo_wAF2.ipynb	0.6048	0.9435	401	425	639
git_sajid_additions	Quick_Dirty_MPNN_ML_V2_V3.ipynb	git_sajid_additions	Quick_Dirty_MPNN_ML_V2_V4.ipynb	0.8017	0.9375	675	797	720
git_sajid_additions	ProteinMPNNTesting_V2.ipynb	git_sajid_additions	ProteinMPNNTesting_V6_V2.ipynb	0.4291	0.9327	735	788	1660
git_sajid_additions	S669_ProteinMPNNTesting_V3.ipynb	git_sajid_additions	S669_ProteinMPNNTesting_V6_V2.ipynb	0.4266	0.9322	729	782	1656
git_sajid_additions	Ssym_ProteinMPNNTesting_V3.ipynb	git_sajid_additions	Ssym_ProteinMPNNTesting_V6_V2.ipynb	0.4350	0.9319	753	808	1676
git_sajid_additions	ProteinMPNNTesting_V2.ipynb	git_sajid_additions	S921_ProteinMPNNTesting_V6_V2.ipynb	0.4268	0.9289	732	788	1659
git_sajid_additions	ProteinMPNNTesting_V2.ipynb	git_sajid_additions	Ssym_ProteinMPNNTesting_V6_V2.ipynb	0.4226	0.9289	732	788	1676
git_sajid_additions	ProteinMPNNTesting_V6_V2.ipynb	git_sajid_additions	S669_ProteinMPNNTesting_V3.ipynb	0.4206	0.9246	723	1660	782
git_sajid_additions	S669_ProteinMPNNTesting_V3.ipynb	git_sajid_additions	S921_ProteinMPNNTesting_V6_V2.ipynb	0.4200	0.9233	722	782	1659
git_sajid_additions	S669_ProteinMPNNTesting_V3.ipynb	git_sajid_additions	Ssym_ProteinMPNNTesting_V6_V2.ipynb	0.4159	0.9233	722	782	1676
git_sajid_additions	ProteinMPNNTesting.ipynb	git_sajid_additions	ProteinMPNNTesting_V2.ipynb	0.7570	0.9213	726	897	788
git_sajid_additions	ProteinMPNNTesting_V2.ipynb	git_sajid_additions	S669_ProteinMPNNTesting_V6_V2.ipynb	0.4209	0.9188	724	788	1656
git_sajid_additions	ProteinMPNNTesting_V6_V2.ipynb	git_sajid_additions	Ssym_ProteinMPNNTesting_V3.ipynb	0.4291	0.9171	741	1660	808
git_sajid_additions	Quick_Dirty_MPNN_ML_V2_V4.ipynb	git_sajid_additions	Quick_Dirty_MPNN_ML_V2_VGRAPHS_V1.ipynb	0.7765	0.9167	660	720	790
git_sajid_additions	S921_ProteinMPNNTesting_V6_V2.ipynb	git_sajid_additions	Ssym_ProteinMPNNTesting_V3.ipynb	0.4285	0.9158	740	1659	808
git_sajid_additions	ProteinMPNNTesting.ipynb	git_sajid_additions	S669_ProteinMPNNTesting_V3.ipynb	0.7381	0.9118	713	897	782
git_sajid_additions	S669_ProteinMPNNTesting_V6_V2.ipynb	git_sajid_additions	Ssym_ProteinMPNNTesting_V3.ipynb	0.4226	0.9059	732	1656	808
git_sajid_additions	ProteinMPNNTesting.ipynb	git_sajid_additions	Ssym_ProteinMPNNTesting_V3.ipynb	0.7451	0.9010	728	897	808
git_sajid_additions	ProteinMPNNTesting.ipynb	git_sajid_additions	ProteinMPNNTesting_V4.ipynb	0.4928	0.8774	787	897	1487
git_sajid_additions	ProteinMPNNTesting.ipynb	git_sajid_additions	ProteinMPNNTesting_V5.ipynb	0.4684	0.8763	786	897	1567
git_sajid_additions	ProteinMPNNTesting.ipynb	git_sajid_additions	Ssym_ProteinMPNNTesting_V6.ipynb	0.4373	0.8740	784	897	1680
git_sajid_additions	ProteinMPNNTesting.ipynb	git_sajid_additions	ProteinMPNNTesting_V6.ipynb	0.4374	0.8729	783	897	1676
git_sajid_additions	ProteinMPNNTesting.ipynb	git_sajid_additions	S669_ProteinMPNNTesting_V6.ipynb	0.4342	0.8651	776	897	1666
git_sajid_additions	ProteinMPNNTesting.ipynb	git_sajid_additions	ProteinMPNNTesting_V6_V2.ipynb	0.4143	0.8350	749	897	1660
git_sajid_additions	ProteinMPNNTesting.ipynb	git_sajid_additions	S921_ProteinMPNNTesting_V6_V2.ipynb	0.4122	0.8317	746	897	1659
git_sajid_additions	ProteinMPNNTesting.ipynb	git_sajid_additions	Ssym_ProteinMPNNTesting_V6_V2.ipynb	0.4083	0.8317	746	897	1676
git_sajid_additions	ProteinMPNNTesting.ipynb	git_sajid_additions	S669_ProteinMPNNTesting_V6_V2.ipynb	0.4066	0.8227	738	897	1656
git_sajid_additions	Quick_Dirty_MPNN_ML_V2_V2.ipynb	git_sajid_additions	Quick_Dirty_MPNN_ML_V2_V4.ipynb	0.6342	0.8140	534	656	720
git_sajid_additions	Quick_Dirty_MPNN_ML.ipynb	git_sajid_additions	Quick_Dirty_MPNN_ML_V2_V2.ipynb	0.5540	0.7904	426	539	656
git_sajid_additions	Quick_Dirty_MPNN_ML_V2.ipynb	git_sajid_additions	Quick_Dirty_MPNN_ML_V2_V2.ipynb	0.6424	0.7841	512	653	656
git_sajid_additions	Quick_Dirty_MPNN_ML_V2_V2.ipynb	git_sajid_additions	Quick_Dirty_MPNN_ML_V2_V3.ipynb	0.5247	0.7622	500	656	797
git_sajid_additions	Quick_Dirty_MPNN_ML_V2_V2.ipynb	git_sajid_additions	Quick_Dirty_MPNN_ML_V2_VGRAPHS_V1.ipynb	0.5047	0.7393	485	656	790
git_sajid_additions	Quick_Dirty_MPNN_ML.ipynb	git_sajid_additions	Quick_Dirty_MPNN_ML_V2_V3.ipynb	0.3917	0.6976	376	539	797
git_sajid_additions	Ssym_ProteinMPNNTesting_V6.ipynb	git_sajid_additions	proteinmpnn_quickdemo.ipynb	0.2327	0.6971	435	1680	624
git_sajid_additions	S669_ProteinMPNNTesting_V6.ipynb	git_sajid_additions	proteinmpnn_quickdemo.ipynb	0.2338	0.6955	434	1666	624
git_sajid_additions	ProteinMPNNTesting_V6.ipynb	git_sajid_additions	proteinmpnn_quickdemo.ipynb	0.2319	0.6939	433	1676	624
git_sajid_additions	Ssym_ProteinMPNNTesting_V6_V2.ipynb	git_sajid_additions	proteinmpnn_quickdemo.ipynb	0.2313	0.6923	432	1676	624
git_sajid_additions	S669_ProteinMPNNTesting_V6_V2.ipynb	git_sajid_additions	proteinmpnn_quickdemo.ipynb	0.2331	0.6907	431	1656	624
git_sajid_additions	S921_ProteinMPNNTesting_V6_V2.ipynb	git_sajid_additions	proteinmpnn_quickdemo.ipynb	0.2327	0.6907	431	1659	624
git_sajid_additions	ProteinMPNNTesting_V6_V2.ipynb	git_sajid_additions	proteinmpnn_quickdemo.ipynb	0.2326	0.6907	431	1660	624
git_sajid_additions	Quick_Dirty_MPNN_ML_V2.ipynb	git_sajid_additions	Quick_Dirty_MPNN_ML_V2_V4.ipynb	0.4875	0.6891	450	653	720
git_sajid_additions	Quick_Dirty_MPNN_ML.ipynb	git_sajid_additions	Quick_Dirty_MPNN_ML_V2_V4.ipynb	0.4162	0.6865	370	539	720
git_sajid_additions	ProteinMPNNTesting_V5.ipynb	git_sajid_additions	proteinmpnn_quickdemo.ipynb	0.2414	0.6827	426	1567	624
git_sajid_additions	ProteinMPNNTesting_V4.ipynb	git_sajid_additions	proteinmpnn_quickdemo.ipynb	0.2476	0.6715	419	1487	624
git_sajid_additions	Quick_Dirty_MPNN_ML.ipynb	git_sajid_additions	Quick_Dirty_MPNN_ML_V2_VGRAPHS_V1.ipynb	0.3729	0.6698	361	539	790
git_sajid_additions	Quick_Dirty_MPNN_ML_V2.ipynb	git_sajid_additions	Quick_Dirty_MPNN_ML_V2_V3.ipynb	0.4133	0.6493	424	653	797
git_sajid_additions	proteinmpnn_quickdemo.ipynb	drive_nested_proteinmpnn	colab_notebooks/quickdemo_wAF2.ipynb	0.4686	0.6458	403	624	639
git_sajid_additions	Quick_Dirty_MPNN_ML_V2.ipynb	git_sajid_additions	Quick_Dirty_MPNN_ML_V2_VGRAPHS_V1.ipynb	0.3956	0.6263	409	653	790
git_sajid_additions	Ssym_ProteinMPNNTesting_V6.ipynb	drive_nested_proteinmpnn	colab_notebooks/quickdemo.ipynb	0.1439	0.6221	265	1680	426
git_sajid_additions	Ssym_ProteinMPNNTesting_V6.ipynb	drive_nested_proteinmpnn	colab_notebooks/ca_only_quickdemo.ipynb	0.1434	0.6212	264	1680	425
git_sajid_additions	S669_ProteinMPNNTesting_V6.ipynb	drive_nested_proteinmpnn	colab_notebooks/quickdemo.ipynb	0.1444	0.6197	264	1666	426
git_sajid_additions	S669_ProteinMPNNTesting_V6.ipynb	drive_nested_proteinmpnn	colab_notebooks/ca_only_quickdemo.ipynb	0.1439	0.6188	263	1666	425
git_sajid_additions	ProteinMPNNTesting_V6.ipynb	drive_nested_proteinmpnn	colab_notebooks/quickdemo.ipynb	0.1430	0.6174	263	1676	426
git_sajid_additions	ProteinMPNNTesting_V6.ipynb	drive_nested_proteinmpnn	colab_notebooks/ca_only_quickdemo.ipynb	0.1425	0.6165	262	1676	425
git_sajid_additions	ProteinMPNNTesting_V5.ipynb	drive_nested_proteinmpnn	colab_notebooks/quickdemo.ipynb	0.1514	0.6150	262	1567	426
git_sajid_additions	ProteinMPNNTesting_V5.ipynb	drive_nested_proteinmpnn	colab_notebooks/ca_only_quickdemo.ipynb	0.1508	0.6141	261	1567	425
git_sajid_additions	Ssym_ProteinMPNNTesting_V6_V2.ipynb	drive_nested_proteinmpnn	colab_notebooks/quickdemo.ipynb	0.1418	0.6127	261	1676	426
git_sajid_additions	Ssym_ProteinMPNNTesting_V6_V2.ipynb	drive_nested_proteinmpnn	colab_notebooks/ca_only_quickdemo.ipynb	0.1412	0.6118	260	1676	425
git_sajid_additions	S669_ProteinMPNNTesting_V6_V2.ipynb	drive_nested_proteinmpnn	colab_notebooks/quickdemo.ipynb	0.1427	0.6103	260	1656	426
git_sajid_additions	S921_ProteinMPNNTesting_V6_V2.ipynb	drive_nested_proteinmpnn	colab_notebooks/quickdemo.ipynb	0.1425	0.6103	260	1659	426
git_sajid_additions	ProteinMPNNTesting_V6_V2.ipynb	drive_nested_proteinmpnn	colab_notebooks/quickdemo.ipynb	0.1424	0.6103	260	1660	426
git_sajid_additions	S669_ProteinMPNNTesting_V6_V2.ipynb	drive_nested_proteinmpnn	colab_notebooks/ca_only_quickdemo.ipynb	0.1422	0.6094	259	1656	425
git_sajid_additions	S921_ProteinMPNNTesting_V6_V2.ipynb	drive_nested_proteinmpnn	colab_notebooks/ca_only_quickdemo.ipynb	0.1419	0.6094	259	1659	425
git_sajid_additions	ProteinMPNNTesting_V6_V2.ipynb	drive_nested_proteinmpnn	colab_notebooks/ca_only_quickdemo.ipynb	0.1418	0.6094	259	1660	425
git_sajid_additions	Quick_Dirty_MPNN_ML.ipynb	git_sajid_additions	Ssym_ProteinMPNNTesting_V6.ipynb	0.1735	0.6085	328	539	1680
git_sajid_additions	ProteinMPNNTesting_V4.ipynb	drive_nested_proteinmpnn	colab_notebooks/quickdemo.ipynb	0.1559	0.6056	258	1487	426
git_sajid_additions	Quick_Dirty_MPNN_ML.ipynb	git_sajid_additions	Ssym_ProteinMPNNTesting_V6_V2.ipynb	0.1726	0.6048	326	539	1676
git_sajid_additions	ProteinMPNNTesting_V4.ipynb	drive_nested_proteinmpnn	colab_notebooks/ca_only_quickdemo.ipynb	0.1553	0.6047	257	1487	425
git_sajid_additions	Quick_Dirty_MPNN_ML.ipynb	git_sajid_additions	S669_ProteinMPNNTesting_V6.ipynb	0.1722	0.6011	324	539	1666
git_sajid_additions	ProteinMPNNTesting_V6.ipynb	git_sajid_additions	Quick_Dirty_MPNN_ML.ipynb	0.1713	0.6011	324	1676	539
git_sajid_additions	ProteinMPNNTesting_V6_V2.ipynb	git_sajid_additions	Quick_Dirty_MPNN_ML.ipynb	0.1716	0.5974	322	1660	539
git_sajid_additions	Quick_Dirty_MPNN_ML.ipynb	git_sajid_additions	S921_ProteinMPNNTesting_V6_V2.ipynb	0.1716	0.5974	322	539	1659
git_sajid_additions	Quick_Dirty_MPNN_ML.ipynb	git_sajid_additions	S669_ProteinMPNNTesting_V6_V2.ipynb	0.1713	0.5955	321	539	1656
git_sajid_additions	Quick_Dirty_MPNN_ML_V2.ipynb	git_sajid_additions	Ssym_ProteinMPNNTesting_V6.ipynb	0.1970	0.5881	384	653	1680
git_sajid_additions	Quick_Dirty_MPNN_ML_V2.ipynb	git_sajid_additions	S669_ProteinMPNNTesting_V6.ipynb	0.1960	0.5819	380	653	1666
git_sajid_additions	ProteinMPNNTesting_V6.ipynb	git_sajid_additions	Quick_Dirty_MPNN_ML_V2.ipynb	0.1950	0.5819	380	1676	653
git_sajid_additions	Quick_Dirty_MPNN_ML_V2_V2.ipynb	git_sajid_additions	Ssym_ProteinMPNNTesting_V6.ipynb	0.1918	0.5732	376	656	1680
git_sajid_additions	Quick_Dirty_MPNN_ML_V2_V2.ipynb	git_sajid_additions	Ssym_ProteinMPNNTesting_V6_V2.ipynb	0.1916	0.5716	375	656	1676
git_sajid_additions	ProteinMPNNTesting_V5.ipynb	git_sajid_additions	Quick_Dirty_MPNN_ML.ipynb	0.1713	0.5714	308	1567	539
git_sajid_additions	Quick_Dirty_MPNN_ML_V2_V2.ipynb	git_sajid_additions	S921_ProteinMPNNTesting_V6_V2.ipynb	0.1915	0.5671	372	656	1659
git_sajid_additions	ProteinMPNNTesting_V6_V2.ipynb	git_sajid_additions	Quick_Dirty_MPNN_ML_V2_V2.ipynb	0.1914	0.5671	372	1660	656
git_sajid_additions	Quick_Dirty_MPNN_ML_V2_V2.ipynb	git_sajid_additions	S669_ProteinMPNNTesting_V6.ipynb	0.1908	0.5671	372	656	1666
git_sajid_additions	ProteinMPNNTesting_V6.ipynb	git_sajid_additions	Quick_Dirty_MPNN_ML_V2_V2.ipynb	0.1898	0.5671	372	1676	656
git_sajid_additions	Quick_Dirty_MPNN_ML_V2_V2.ipynb	git_sajid_additions	S669_ProteinMPNNTesting_V6_V2.ipynb	0.1911	0.5655	371	656	1656
git_sajid_additions	ProteinMPNNTesting_V5.ipynb	git_sajid_additions	Quick_Dirty_MPNN_ML_V2.ipynb	0.1948	0.5544	362	1567	653
git_sajid_additions	Quick_Dirty_MPNN_ML_V2.ipynb	git_sajid_additions	Ssym_ProteinMPNNTesting_V6_V2.ipynb	0.1834	0.5528	361	653	1676
git_sajid_additions	ProteinMPNNTesting_V4.ipynb	git_sajid_additions	Quick_Dirty_MPNN_ML.ipynb	0.1704	0.5473	295	1487	539
git_sajid_additions	Quick_Dirty_MPNN_ML_V2.ipynb	git_sajid_additions	S921_ProteinMPNNTesting_V6_V2.ipynb	0.1826	0.5467	357	653	1659
git_sajid_additions	ProteinMPNNTesting_V6_V2.ipynb	git_sajid_additions	Quick_Dirty_MPNN_ML_V2.ipynb	0.1825	0.5467	357	1660	653
git_sajid_additions	Quick_Dirty_MPNN_ML_V2.ipynb	git_sajid_additions	S669_ProteinMPNNTesting_V6_V2.ipynb	0.1823	0.5452	356	653	1656
git_sajid_additions	ProteinMPNNTesting.ipynb	git_sajid_additions	proteinmpnn_quickdemo.ipynb	0.2825	0.5369	335	897	624
git_sajid_additions	ProteinMPNNTesting_V5.ipynb	git_sajid_additions	Quick_Dirty_MPNN_ML_V2_V2.ipynb	0.1875	0.5351	351	1567	656
git_sajid_additions	ProteinMPNNTesting_V4.ipynb	git_sajid_additions	Quick_Dirty_MPNN_ML_V2.ipynb	0.1949	0.5345	349	1487	653
git_sajid_additions	Quick_Dirty_MPNN_ML_V2_V4.ipynb	git_sajid_additions	Ssym_ProteinMPNNTesting_V6.ipynb	0.1881	0.5278	380	720	1680
git_sajid_additions	ProteinMPNNTesting_V6.ipynb	git_sajid_additions	Quick_Dirty_MPNN_ML_V2_V4.ipynb	0.1867	0.5236	377	1676	720
git_sajid_additions	Quick_Dirty_MPNN_ML_V2_V4.ipynb	git_sajid_additions	S669_ProteinMPNNTesting_V6.ipynb	0.1871	0.5222	376	720	1666
git_sajid_additions	ProteinMPNNTesting_V4.ipynb	git_sajid_additions	Quick_Dirty_MPNN_ML_V2_V2.ipynb	0.1879	0.5168	339	1487	656
git_sajid_additions	ProteinMPNNTesting.ipynb	drive_nested_proteinmpnn	colab_notebooks/quickdemo.ipynb	0.1962	0.5094	217	897	426
git_sajid_additions	ProteinMPNNTesting.ipynb	drive_nested_proteinmpnn	colab_notebooks/ca_only_quickdemo.ipynb	0.1953	0.5082	216	897	425
git_sajid_additions	Quick_Dirty_MPNN_ML_V2_V4.ipynb	git_sajid_additions	Ssym_ProteinMPNNTesting_V6_V2.ipynb	0.1791	0.5056	364	720	1676
git_sajid_additions	Ssym_ProteinMPNNTesting_V3.ipynb	git_sajid_additions	proteinmpnn_quickdemo.ipynb	0.2809	0.5032	314	808	624
git_sajid_additions	Quick_Dirty_MPNN_ML_V2_V3.ipynb	git_sajid_additions	Ssym_ProteinMPNNTesting_V6.ipynb	0.1932	0.5031	401	797	1680
git_sajid_additions	Quick_Dirty_MPNN_ML_V2_V4.ipynb	git_sajid_additions	S669_ProteinMPNNTesting_V6_V2.ipynb	0.1792	0.5014	361	720	1656
git_sajid_additions	Quick_Dirty_MPNN_ML_V2_V4.ipynb	git_sajid_additions	S921_ProteinMPNNTesting_V6_V2.ipynb	0.1789	0.5014	361	720	1659
git_sajid_additions	ProteinMPNNTesting_V6_V2.ipynb	git_sajid_additions	Quick_Dirty_MPNN_ML_V2_V4.ipynb	0.1788	0.5014	361	1660	720
git_sajid_additions	ProteinMPNNTesting.ipynb	git_sajid_additions	Quick_Dirty_MPNN_ML.ipynb	0.2295	0.4972	268	897	539
git_sajid_additions	ProteinMPNNTesting_V5.ipynb	git_sajid_additions	Quick_Dirty_MPNN_ML_V2_V4.ipynb	0.1856	0.4972	358	1567	720
git_sajid_additions	Quick_Dirty_MPNN_ML_V2_V3.ipynb	git_sajid_additions	S669_ProteinMPNNTesting_V6.ipynb	0.1916	0.4969	396	797	1666
git_sajid_additions	ProteinMPNNTesting_V6.ipynb	git_sajid_additions	Quick_Dirty_MPNN_ML_V2_V3.ipynb	0.1907	0.4969	396	1676	797
git_sajid_additions	ProteinMPNNTesting_V2.ipynb	git_sajid_additions	proteinmpnn_quickdemo.ipynb	0.2801	0.4952	309	788	624
git_sajid_additions	S669_ProteinMPNNTesting_V3.ipynb	git_sajid_additions	proteinmpnn_quickdemo.ipynb	0.2793	0.4920	307	782	624
git_sajid_additions	Quick_Dirty_MPNN_ML_V2_VGRAPHS_V1.ipynb	git_sajid_additions	Ssym_ProteinMPNNTesting_V6.ipynb	0.1852	0.4886	386	790	1680
git_sajid_additions	Quick_Dirty_MPNN_ML_V2_VGRAPHS_V1.ipynb	git_sajid_additions	S669_ProteinMPNNTesting_V6.ipynb	0.1836	0.4823	381	790	1666
git_sajid_additions	ProteinMPNNTesting_V6.ipynb	git_sajid_additions	Quick_Dirty_MPNN_ML_V2_VGRAPHS_V1.ipynb	0.1827	0.4823	381	1676	790
git_sajid_additions	ProteinMPNNTesting_V4.ipynb	git_sajid_additions	Quick_Dirty_MPNN_ML_V2_V4.ipynb	0.1866	0.4819	347	1487	720
git_sajid_additions	ProteinMPNNTesting.ipynb	git_sajid_additions	Quick_Dirty_MPNN_ML_V2.ipynb	0.2530	0.4793	313	897	653
git_sajid_additions	Quick_Dirty_MPNN_ML_V2_V3.ipynb	git_sajid_additions	Ssym_ProteinMPNNTesting_V6_V2.ipynb	0.1827	0.4793	382	797	1676
git_sajid_additions	Ssym_ProteinMPNNTesting_V3.ipynb	drive_nested_proteinmpnn	colab_notebooks/quickdemo.ipynb	0.1981	0.4789	204	808	426
git_sajid_additions	Ssym_ProteinMPNNTesting_V3.ipynb	drive_nested_proteinmpnn	colab_notebooks/ca_only_quickdemo.ipynb	0.1971	0.4776	203	808	425
git_sajid_additions	Quick_Dirty_MPNN_ML.ipynb	git_sajid_additions	Ssym_ProteinMPNNTesting_V3.ipynb	0.2358	0.4768	257	539	808
git_sajid_additions	Quick_Dirty_MPNN_ML_V2_V3.ipynb	git_sajid_additions	S669_ProteinMPNNTesting_V6_V2.ipynb	0.1822	0.4743	378	797	1656
git_sajid_additions	Quick_Dirty_MPNN_ML_V2_V3.ipynb	git_sajid_additions	S921_ProteinMPNNTesting_V6_V2.ipynb	0.1819	0.4743	378	797	1659
git_sajid_additions	ProteinMPNNTesting_V6_V2.ipynb	git_sajid_additions	Quick_Dirty_MPNN_ML_V2_V3.ipynb	0.1818	0.4743	378	1660	797
git_sajid_additions	ProteinMPNNTesting_V2.ipynb	drive_nested_proteinmpnn	colab_notebooks/quickdemo.ipynb	0.1996	0.4742	202	788	426
git_sajid_additions	ProteinMPNNTesting_V5.ipynb	git_sajid_additions	Quick_Dirty_MPNN_ML_V2_V3.ipynb	0.1897	0.4730	377	1567	797
git_sajid_additions	ProteinMPNNTesting_V2.ipynb	drive_nested_proteinmpnn	colab_notebooks/ca_only_quickdemo.ipynb	0.1986	0.4729	201	788	425
git_sajid_additions	Ssym_ProteinMPNNTesting_V6.ipynb	drive_nested_proteinmpnn	colab_notebooks/quickdemo_wAF2.ipynb	0.1486	0.4695	300	1680	639
git_sajid_additions	ProteinMPNNTesting_V2.ipynb	git_sajid_additions	Quick_Dirty_MPNN_ML.ipynb	0.2356	0.4694	253	788	539
git_sajid_additions	Quick_Dirty_MPNN_ML.ipynb	git_sajid_additions	S669_ProteinMPNNTesting_V3.ipynb	0.2357	0.4675	252	539	782
git_sajid_additions	S669_ProteinMPNNTesting_V3.ipynb	drive_nested_proteinmpnn	colab_notebooks/quickdemo.ipynb	0.1972	0.4671	199	782	426
git_sajid_additions	S669_ProteinMPNNTesting_V6.ipynb	drive_nested_proteinmpnn	colab_notebooks/quickdemo_wAF2.ipynb	0.1485	0.4664	298	1666	639
git_sajid_additions	ProteinMPNNTesting_V6.ipynb	drive_nested_proteinmpnn	colab_notebooks/quickdemo_wAF2.ipynb	0.1477	0.4664	298	1676	639
git_sajid_additions	Quick_Dirty_MPNN_ML_V2_VGRAPHS_V1.ipynb	git_sajid_additions	Ssym_ProteinMPNNTesting_V6_V2.ipynb	0.1748	0.4646	367	790	1676
git_sajid_additions	S669_ProteinMPNNTesting_V3.ipynb	drive_nested_proteinmpnn	colab_notebooks/ca_only_quickdemo.ipynb	0.1950	0.4635	197	782	425
git_sajid_additions	Ssym_ProteinMPNNTesting_V6_V2.ipynb	drive_nested_proteinmpnn	colab_notebooks/quickdemo_wAF2.ipynb	0.1466	0.4632	296	1676	639
git_sajid_additions	ProteinMPNNTesting_V5.ipynb	drive_nested_proteinmpnn	colab_notebooks/quickdemo_wAF2.ipynb	0.1544	0.4617	295	1567	639
git_sajid_additions	S921_ProteinMPNNTesting_V6_V2.ipynb	drive_nested_proteinmpnn	colab_notebooks/quickdemo_wAF2.ipynb	0.1473	0.4617	295	1659	639
git_sajid_additions	ProteinMPNNTesting_V6_V2.ipynb	drive_nested_proteinmpnn	colab_notebooks/quickdemo_wAF2.ipynb	0.1472	0.4617	295	1660	639
git_sajid_additions	S669_ProteinMPNNTesting_V6_V2.ipynb	drive_nested_proteinmpnn	colab_notebooks/quickdemo_wAF2.ipynb	0.1469	0.4601	294	1656	639
git_sajid_additions	Quick_Dirty_MPNN_ML_V2_VGRAPHS_V1.ipynb	git_sajid_additions	S669_ProteinMPNNTesting_V6_V2.ipynb	0.1743	0.4595	363	790	1656
git_sajid_additions	Quick_Dirty_MPNN_ML_V2_VGRAPHS_V1.ipynb	git_sajid_additions	S921_ProteinMPNNTesting_V6_V2.ipynb	0.1740	0.4595	363	790	1659
git_sajid_additions	ProteinMPNNTesting_V6_V2.ipynb	git_sajid_additions	Quick_Dirty_MPNN_ML_V2_VGRAPHS_V1.ipynb	0.1739	0.4595	363	1660	790
git_sajid_additions	ProteinMPNNTesting_V4.ipynb	git_sajid_additions	Quick_Dirty_MPNN_ML_V2_V3.ipynb	0.1908	0.4592	366	1487	797
git_sajid_additions	ProteinMPNNTesting_V5.ipynb	git_sajid_additions	Quick_Dirty_MPNN_ML_V2_VGRAPHS_V1.ipynb	0.1815	0.4582	362	1567	790
git_sajid_additions	ProteinMPNNTesting_V4.ipynb	drive_nested_proteinmpnn	colab_notebooks/quickdemo_wAF2.ipynb	0.1586	0.4554	291	1487	639
git_sajid_additions	Quick_Dirty_MPNN_ML_V2.ipynb	git_sajid_additions	Ssym_ProteinMPNNTesting_V3.ipynb	0.2541	0.4533	296	653	808
git_sajid_additions	ProteinMPNNTesting_V2.ipynb	git_sajid_additions	Quick_Dirty_MPNN_ML_V2.ipynb	0.2541	0.4472	292	788	653
git_sajid_additions	Quick_Dirty_MPNN_ML_V2.ipynb	git_sajid_additions	S669_ProteinMPNNTesting_V3.ipynb	0.2544	0.4456	291	653	782
git_sajid_additions	ProteinMPNNTesting_V4.ipynb	git_sajid_additions	Quick_Dirty_MPNN_ML_V2_VGRAPHS_V1.ipynb	0.1822	0.4443	351	1487	790
git_sajid_additions	ProteinMPNNTesting.ipynb	git_sajid_additions	Quick_Dirty_MPNN_ML_V2_V2.ipynb	0.2238	0.4329	284	897	656
git_sajid_additions	Quick_Dirty_MPNN_ML_V2_V2.ipynb	git_sajid_additions	Ssym_ProteinMPNNTesting_V3.ipynb	0.2292	0.4162	273	656	808
git_sajid_additions	ProteinMPNNTesting_V2.ipynb	git_sajid_additions	Quick_Dirty_MPNN_ML_V2_V2.ipynb	0.2289	0.4101	269	788	656
git_sajid_additions	Quick_Dirty_MPNN_ML_V2_V2.ipynb	git_sajid_additions	S669_ProteinMPNNTesting_V3.ipynb	0.2280	0.4070	267	656	782
git_sajid_additions	Quick_Dirty_MPNN_ML_V2_V4.ipynb	git_sajid_additions	Ssym_ProteinMPNNTesting_V3.ipynb	0.2323	0.4000	288	720	808
git_sajid_additions	ProteinMPNNTesting.ipynb	git_sajid_additions	Quick_Dirty_MPNN_ML_V2_V4.ipynb	0.2167	0.4000	288	897	720
git_sajid_additions	ProteinMPNNTesting_V2.ipynb	git_sajid_additions	Quick_Dirty_MPNN_ML_V2_V4.ipynb	0.2310	0.3931	283	788	720
git_sajid_additions	Quick_Dirty_MPNN_ML_V2_V4.ipynb	git_sajid_additions	S669_ProteinMPNNTesting_V3.ipynb	0.2301	0.3903	281	720	782
git_sajid_additions	ProteinMPNNTesting.ipynb	drive_nested_proteinmpnn	colab_notebooks/quickdemo_wAF2.ipynb	0.1898	0.3834	245	897	639
git_sajid_additions	Quick_Dirty_MPNN_ML_V2_V3.ipynb	git_sajid_additions	Ssym_ProteinMPNNTesting_V3.ipynb	0.2346	0.3827	305	797	808
git_sajid_additions	ProteinMPNNTesting.ipynb	git_sajid_additions	Quick_Dirty_MPNN_ML_V2_V3.ipynb	0.2187	0.3814	304	897	797
git_sajid_additions	ProteinMPNNTesting_V2.ipynb	git_sajid_additions	Quick_Dirty_MPNN_ML_V2_V3.ipynb	0.2325	0.3794	299	788	797
git_sajid_additions	Quick_Dirty_MPNN_ML_V2_V3.ipynb	git_sajid_additions	S669_ProteinMPNNTesting_V3.ipynb	0.2307	0.3785	296	797	782
git_sajid_additions	Quick_Dirty_MPNN_ML_V2_VGRAPHS_V1.ipynb	git_sajid_additions	Ssym_ProteinMPNNTesting_V3.ipynb	0.2217	0.3671	290	790	808
git_sajid_additions	ProteinMPNNTesting.ipynb	git_sajid_additions	Quick_Dirty_MPNN_ML_V2_VGRAPHS_V1.ipynb	0.2067	0.3658	289	897	790
git_sajid_additions	ProteinMPNNTesting_V2.ipynb	git_sajid_additions	Quick_Dirty_MPNN_ML_V2_VGRAPHS_V1.ipynb	0.2195	0.3604	284	788	790
git_sajid_additions	Quick_Dirty_MPNN_ML_V2_VGRAPHS_V1.ipynb	git_sajid_additions	S669_ProteinMPNNTesting_V3.ipynb	0.2177	0.3593	281	790	782
git_sajid_additions	Ssym_ProteinMPNNTesting_V3.ipynb	drive_nested_proteinmpnn	colab_notebooks/quickdemo_wAF2.ipynb	0.1851	0.3537	226	808	639
git_sajid_additions	ProteinMPNNTesting_V2.ipynb	drive_nested_proteinmpnn	colab_notebooks/quickdemo_wAF2.ipynb	0.1862	0.3505	224	788	639
git_sajid_additions	S669_ProteinMPNNTesting_V3.ipynb	drive_nested_proteinmpnn	colab_notebooks/quickdemo_wAF2.ipynb	0.1822	0.3427	219	782	639
git_sajid_additions	Quick_Dirty_MPNN_ML_V2_V2.ipynb	git_sajid_additions	proteinmpnn_quickdemo.ipynb	0.1584	0.2804	175	656	624
git_sajid_additions	Quick_Dirty_MPNN_ML.ipynb	git_sajid_additions	proteinmpnn_quickdemo.ipynb	0.1492	0.2801	151	539	624
git_sajid_additions	Quick_Dirty_MPNN_ML_V2.ipynb	git_sajid_additions	proteinmpnn_quickdemo.ipynb	0.1567	0.2772	173	653	624
git_sajid_additions	Quick_Dirty_MPNN_ML_V2_V3.ipynb	git_sajid_additions	proteinmpnn_quickdemo.ipynb	0.1386	0.2772	173	797	624
git_sajid_additions	Quick_Dirty_MPNN_ML_V2_VGRAPHS_V1.ipynb	git_sajid_additions	proteinmpnn_quickdemo.ipynb	0.1367	0.2724	170	790	624
git_sajid_additions	Quick_Dirty_MPNN_ML_V2_V4.ipynb	git_sajid_additions	proteinmpnn_quickdemo.ipynb	0.1399	0.2644	165	720	624
git_sajid_additions	Quick_Dirty_MPNN_ML_V2_V3.ipynb	drive_nested_proteinmpnn	colab_notebooks/quickdemo.ipynb	0.0823	0.2183	93	797	426
git_sajid_additions	Quick_Dirty_MPNN_ML_V2_V3.ipynb	drive_nested_proteinmpnn	colab_notebooks/ca_only_quickdemo.ipynb	0.0814	0.2165	92	797	425
git_sajid_additions	Quick_Dirty_MPNN_ML_V2.ipynb	drive_nested_proteinmpnn	colab_notebooks/quickdemo.ipynb	0.0921	0.2136	91	653	426
git_sajid_additions	Quick_Dirty_MPNN_ML_V2_VGRAPHS_V1.ipynb	drive_nested_proteinmpnn	colab_notebooks/quickdemo.ipynb	0.0809	0.2136	91	790	426
git_sajid_additions	Quick_Dirty_MPNN_ML_V2.ipynb	drive_nested_proteinmpnn	colab_notebooks/ca_only_quickdemo.ipynb	0.0911	0.2118	90	653	425
git_sajid_additions	Quick_Dirty_MPNN_ML_V2_VGRAPHS_V1.ipynb	drive_nested_proteinmpnn	colab_notebooks/ca_only_quickdemo.ipynb	0.0800	0.2118	90	790	425
git_sajid_additions	Quick_Dirty_MPNN_ML_V2_V2.ipynb	drive_nested_proteinmpnn	colab_notebooks/quickdemo.ipynb	0.0896	0.2089	89	656	426
git_sajid_additions	Quick_Dirty_MPNN_ML_V2_V2.ipynb	drive_nested_proteinmpnn	colab_notebooks/ca_only_quickdemo.ipynb	0.0886	0.2071	88	656	425
git_sajid_additions	Quick_Dirty_MPNN_ML_V2_V4.ipynb	drive_nested_proteinmpnn	colab_notebooks/quickdemo.ipynb	0.0791	0.1972	84	720	426
git_sajid_additions	Quick_Dirty_MPNN_ML_V2_V4.ipynb	drive_nested_proteinmpnn	colab_notebooks/ca_only_quickdemo.ipynb	0.0782	0.1953	83	720	425
git_sajid_additions	Quick_Dirty_MPNN_ML.ipynb	drive_nested_proteinmpnn	colab_notebooks/quickdemo.ipynb	0.0867	0.1808	77	539	426
git_sajid_additions	Quick_Dirty_MPNN_ML_V2_V3.ipynb	drive_nested_proteinmpnn	colab_notebooks/quickdemo_wAF2.ipynb	0.0871	0.1800	115	797	639
git_sajid_additions	Quick_Dirty_MPNN_ML.ipynb	drive_nested_proteinmpnn	colab_notebooks/ca_only_quickdemo.ipynb	0.0856	0.1788	76	539	425
git_sajid_additions	Quick_Dirty_MPNN_ML_V2_VGRAPHS_V1.ipynb	drive_nested_proteinmpnn	colab_notebooks/quickdemo_wAF2.ipynb	0.0850	0.1753	112	790	639
git_sajid_additions	Quick_Dirty_MPNN_ML.ipynb	drive_nested_proteinmpnn	colab_notebooks/quickdemo_wAF2.ipynb	0.0857	0.1725	93	539	639
git_sajid_additions	Quick_Dirty_MPNN_ML_V2.ipynb	drive_nested_proteinmpnn	colab_notebooks/quickdemo_wAF2.ipynb	0.0931	0.1721	110	653	639
git_sajid_additions	Quick_Dirty_MPNN_ML_V2_V2.ipynb	drive_nested_proteinmpnn	colab_notebooks/quickdemo_wAF2.ipynb	0.0882	0.1643	105	656	639
git_sajid_additions	Quick_Dirty_MPNN_ML_V2_V4.ipynb	drive_nested_proteinmpnn	colab_notebooks/quickdemo_wAF2.ipynb	0.0820	0.1612	103	720	639
