protein_key	entry_index	mut	field	value_summary
1lveA	0	M4L	ddg	builtins.float
1lveA	0	M4L	mut	builtins.str
1lveA	1	V27L	ddg	builtins.float
1lveA	1	V27L	mut	builtins.str
1lveA	2	L27Q	ddg	builtins.float
1lveA	2	L27Q	mut	builtins.str
1lveA	3	L27N	ddg	builtins.float
1lveA	3	L27N	mut	builtins.str
1lveA	4	Y27D	ddg	builtins.float
1lveA	4	Y27D	mut	builtins.str
1lveA	5	N28F	ddg	builtins.float
1lveA	5	N28F	mut	builtins.str
1lveA	6	S29N	ddg	builtins.float
1lveA	6	S29N	mut	builtins.str
1lveA	7	K30T	ddg	builtins.float
1lveA	7	K30T	mut	builtins.str
1lveA	8	K30R	ddg	builtins.float
1lveA	8	K30R	mut	builtins.str
1lveA	9	Q38N	ddg	builtins.float
1lveA	9	Q38N	mut	builtins.str
1lveA	10	K39T	ddg	builtins.float
1lveA	10	K39T	mut	builtins.str
1lveA	11	Q89N	ddg	builtins.float
1lveA	11	Q89N	mut	builtins.str
1lveA	12	Q89H	ddg	builtins.float
1lveA	12	Q89H	mut	builtins.str
1lveA	13	T94H	ddg	builtins.float
1lveA	13	T94H	mut	builtins.str
1lveA	14	Y96Q	ddg	builtins.float
1lveA	14	Y96Q	mut	builtins.str
1lveA	15	S97T	ddg	builtins.float
1lveA	15	S97T	mut	builtins.str
1lveA	16	I106L	ddg	builtins.float
1lveA	16	I106L	mut	builtins.str
2a01A	0	L141R	ddg	builtins.float
2a01A	0	L141R	mut	builtins.str
2immA	0	A15L	ddg	builtins.float
2immA	0	A15L	mut	builtins.str
2immA	1	M21I	ddg	builtins.float
2immA	1	M21I	mut	builtins.str
2immA	2	M21L	ddg	builtins.float
2immA	2	M21L	mut	builtins.str
2immA	3	K24R	ddg	builtins.float
2immA	3	K24R	mut	builtins.str
2immA	4	F32Y	ddg	builtins.float
2immA	4	F32Y	mut	builtins.str
2immA	5	T63S	ddg	builtins.float
2immA	5	T63S	mut	builtins.str
2immA	6	Q79E	ddg	builtins.float
2immA	6	Q79E	mut	builtins.str
2immA	7	N90Q	ddg	builtins.float
2immA	7	N90Q	mut	builtins.str
2immA	8	A100G	ddg	builtins.float
2immA	8	A100G	mut	builtins.str
2immA	9	L106I	ddg	builtins.float
2immA	9	L106I	mut	builtins.str
