filename	git_same_filename_exists	file_sha256_equal	source_sha256_equal	code_sha256_equal	colab_size_bytes	git_size_bytes	colab_mtime_iso	colab_code_cells	git_code_cells	colab_code_cells_with_outputs	git_code_cells_with_outputs	colab_source_sha256	git_source_sha256
ORTOOLS_test_MIKE_Stuff.ipynb	False	False	False	False	324		2022-11-04T22:59:38	1		0		e3b0c44298fc1c149afbf4c8996fb92427ae41e4649b934ca495991b7852b855	
PRODY_test.ipynb	False	False	False	False	324		2022-10-28T22:16:04	1		0		e3b0c44298fc1c149afbf4c8996fb92427ae41e4649b934ca495991b7852b855	
PROVEAN_VAR_creation.ipynb	False	False	False	False	31335		2022-07-15T06:21:15	7		4		6a75486661ca65c34bbe2ad0f1edb4c77161ec7a519c719ef3b443364e95480d	
Preparing_Fasta_Files_For_PROVEAN.ipynb	False	False	False	False	3377		2022-07-14T06:40:26	6		2		2987b32249b1543b772bc18b50d62a882e6f27491c66a22b7b758da0d3b7974e	
ProteinMPNNTesting.ipynb	True	False	True	True	334551	385468	2022-08-08T21:27:41	37	37	18	18	d04fb863e2706e6b4a58b8a1a65b44d1a1c114303b0844bc042019254daa3758	d04fb863e2706e6b4a58b8a1a65b44d1a1c114303b0844bc042019254daa3758
ProteinMPNNTesting_V2.ipynb	True	False	True	True	150990	174619	2022-08-09T01:20:17	27	27	10	10	42e8fc6389c68d69c829ba29d3544a56b7a1c5c1bc71109153084f0334d2b636	42e8fc6389c68d69c829ba29d3544a56b7a1c5c1bc71109153084f0334d2b636
ProteinMPNNTesting_V3.ipynb	False	False	False	False	151450		2022-08-09T22:47:17	31		12		7b76a5bafc5d7c306627bfac8869a70ece237837fe5c3762078c60eab8e91e91	
ProteinMPNNTesting_V4.ipynb	True	False	True	True	212884	246239	2022-08-12T04:33:08	34	34	11	11	43c4f0f712adc3008ce1ea786c3f68b94c7dc7b32db279191c42c65452699c98	43c4f0f712adc3008ce1ea786c3f68b94c7dc7b32db279191c42c65452699c98
ProteinMPNNTesting_V5.ipynb	True	False	True	True	238160	275045	2022-08-12T08:02:55	34	34	12	12	31f3f0a79fa461479e50bed7cede9f0573c557e0b90bf839fcc6cb30431d5d29	31f3f0a79fa461479e50bed7cede9f0573c557e0b90bf839fcc6cb30431d5d29
ProteinMPNNTesting_V6.ipynb	True	False	False	False	377405	427391	2022-08-16T04:05:08	30	31	11	11	0c04c1435c0d11e5842c8e33a6d126d4673cfb41be1e39930e35d6828d3ed831	bf75dc04aa58d09735427b7aa98db8fdbe293c0b2260f8eba3c9fdc3555d94d9
ProteinMPNNTesting_V6_V2.ipynb	True	False	False	False	468772	273303	2022-08-24T07:16:12	28	25	13	9	ada7960970013d8aa19caff80ff13f2df1ef8f631a9927d669bec04341b2da54	9b5f5fe33c3b1b885880f27031d8c4564436e8a432bf10f00adf09d61f9c2141
ProteinMPNNTesting_V6_V2_debug.ipynb	False	False	False	False	453932		2022-08-22T22:52:08	31		11		a6c940396e628b8709c9ea2c37285d8fe0a34d0e976f16d5f698fcbd988c9703	
ProteinMPNNTesting_V7.ipynb	False	False	False	False	121399		2022-08-18T00:27:05	24		7		dc36b60c96fe2b11004614be5631df0109f44983a61f530607a85da6fc98226b	
PyRun_Notebook_V16 (1).ipynb	False	False	False	False	158186		2022-07-12T02:29:31	27		6		37f5c110cc3e2c4f3ef5bc7afd0c59c8ba128f4380eb0edda2b342d617addf12	
PyRun_Notebook_V16.ipynb	False	False	False	False	158180		2022-07-07T03:49:53	27		6		c7bbe3187b92b4146a760802d2ba729bccfc8507f7fad5c6d1f96fe3bf29799a	
PyRun_Notebook_V16_new_colab.ipynb	False	False	False	False	194440		2022-07-13T02:03:57	28		7		59630597265f286c2004bbd41d215b0a60a4cc7a9d2119262d02f95dbdadd86a	
Quick_Dirty_MPNN_ML.ipynb	True	False	True	True	408270	440028	2022-08-18T01:43:32	38	38	27	27	513a9d5b995e495ab2ccfe86e9e33745e71e3974a7ddbc761055a9d84aa3ad49	513a9d5b995e495ab2ccfe86e9e33745e71e3974a7ddbc761055a9d84aa3ad49
Quick_Dirty_MPNN_ML_V2.ipynb	True	False	False	False	529428	567092	2022-08-18T16:38:33	49	46	30	30	a5e606405c493f6613ce24b7f710b9d2e9598f40469b736aeaf817cc272ec8a6	ef5f38f5f418d8982a38e4948f43b838a8048099a124132f7456106cf3f3573c
Quick_Dirty_MPNN_ML_V2_V2.ipynb	True	False	True	True	369756	411368	2022-08-30T19:57:16	43	43	19	19	259120f07699a4a21a3ac84bc8acdd3d6a4b9b6047bd941096c1b4ece432843b	259120f07699a4a21a3ac84bc8acdd3d6a4b9b6047bd941096c1b4ece432843b
Quick_Dirty_MPNN_ML_V2_V3.ipynb	True	False	False	False	823018	812703	2022-09-24T05:46:49	42	42	28	27	9ade7c2f784d9a9c1eb29854e892a588beb122f940de20479878615f922a7cec	9581d84199d851a18f03bf18135bb3943a829b984bb8217c9c9d98380498aabf
Quick_Dirty_MPNN_ML_V2_VGRAPHS_V1.ipynb	True	False	False	False	809800	797628	2022-10-12T03:03:58	42	44	28	29	9581d84199d851a18f03bf18135bb3943a829b984bb8217c9c9d98380498aabf	71f662fbefe01875b51d3ba7b943379625bbec440c6dd4345eacd7fd9b96f781
S669_ProteinMPNNTesting_V3.ipynb	True	False	True	True	139094	165235	2022-08-09T07:48:43	29	29	12	12	f45a4a12bf57518c93d5f9a9e77fc7b06e2c5426024bf920f1eb5193b55210c4	f45a4a12bf57518c93d5f9a9e77fc7b06e2c5426024bf920f1eb5193b55210c4
S669_ProteinMPNNTesting_V6.ipynb	True	False	False	False	371049	414006	2022-08-18T00:27:05	28	29	11	11	2e882993ca915abd789b754f203066ec77d3bb986bcdae270ecfcc37e9ef723b	9ef3b3cdc2a9710598dd13eb9e8266ce722179fa6cbb71ec25c0c684ca423525
S669_ProteinMPNNTesting_V6_V2.ipynb	True	False	False	False	254098	281931	2022-08-25T01:11:37	27	25	9	9	14ca790eb37cbb8e51518d4c7b1a1c96e21e1e452e6bf2254a99d592e82af414	99201d15c77c4fef2188e5b9e7ae5b781fc8a6d41d28470f8a73d07e3fcdaeec
Ssym_ProteinMPNNTesting_V3.ipynb	True	False	True	True	140950	166995	2022-08-09T07:53:08	29	29	12	12	d2a7386705e06d4f390e7e1c62cde7ce2cdd01192b36e752cb086175de326199	d2a7386705e06d4f390e7e1c62cde7ce2cdd01192b36e752cb086175de326199
Ssym_ProteinMPNNTesting_V6.ipynb	True	False	True	True	374364	409789	2022-08-16T10:10:19	29	29	10	10	6b9f2bec2d084a8a897ac4959b2427a7e5669474006cd39524b1e5b47f52791b	6b9f2bec2d084a8a897ac4959b2427a7e5669474006cd39524b1e5b47f52791b
Ssym_ProteinMPNNTesting_V6_V2.ipynb	True	False	False	False	277749	282591	2022-08-25T04:17:49	27	25	10	9	f4dfa565eed04f76921b94d9f7a3ab84f5f408383e5a7ee7623aefc56b2c7cdd	33308880f1adbb46eff4395ccfc9c80e9b33c9fbe932c59b088f74629f907f93
Untitled	False	False	False	False	306		2022-07-08T21:52:02	1		0		e3b0c44298fc1c149afbf4c8996fb92427ae41e4649b934ca495991b7852b855	
Untitled0.ipynb	False	False	False	False	351		2022-08-13T05:55:19	1		0		e3b0c44298fc1c149afbf4c8996fb92427ae41e4649b934ca495991b7852b855	
Untitled1.ipynb	False	False	False	False	3946		2022-10-29T02:20:27	7		4		c38c7ae3d0b29b425c74110c64eee333b512e2bfab9104dcf5139934dc17edc3	
proteinmpnn_quickdemo.ipynb	True	False	True	True	397580	403203	2022-08-04T06:37:54	7	7	5	5	bad9ad19322429b6f921bfbcaa994ab8511b621d1cf2009ccf82d5cd0a807881	bad9ad19322429b6f921bfbcaa994ab8511b621d1cf2009ccf82d5cd0a807881
test_esm_shit.ipynb	False	False	False	False	324		2022-11-03T06:11:17	1		0		e3b0c44298fc1c149afbf4c8996fb92427ae41e4649b934ca495991b7852b855	
Quick_Dirty_MPNN_ML_V2_V4.ipynb	True					305873			36		24		075e11a73efd66ea4291f876a997c72b7f209d044713e1b6986bd498a26876b3
S921_ProteinMPNNTesting_V6_V2.ipynb	True					272953			25		9		7e5f459be3c530c9450a10890e8a18044fc247d262fce9f43fcf5e02545519ec
