filename	valid_notebook_json	error	size_bytes	mtime_iso	cells	code_cells	markdown_cells	executed_code_cells	code_cells_with_outputs	output_records	text_output_records	image_output_records	image_output_data_chars	error_output_records	file_sha256	source_sha256	code_sha256	datasets_mentioned	artifact_mentions_count	hardcoded_paths_count	pickle_load_count	pickle_dump_count	savefig_count	read_csv_count	read_excel_count	imports	defs	classes
ORTOOLS_test_MIKE_Stuff.ipynb	True		324	2022-11-04T22:59:38	1	1	0	0	0	0	0	0	0	0	148c275e721e02aedaf1a1e88626e91c27607c9889afc73a63986e573babf7af	e3b0c44298fc1c149afbf4c8996fb92427ae41e4649b934ca495991b7852b855	e3b0c44298fc1c149afbf4c8996fb92427ae41e4649b934ca495991b7852b855		0	0	0	0	0	0	0			
PRODY_test.ipynb	True		324	2022-10-28T22:16:04	1	1	0	0	0	0	0	0	0	0	9a8368ec5b692468372c49dfb47aa55b0bbec761af06256901c215b794da71d4	e3b0c44298fc1c149afbf4c8996fb92427ae41e4649b934ca495991b7852b855	e3b0c44298fc1c149afbf4c8996fb92427ae41e4649b934ca495991b7852b855		0	0	0	0	0	0	0			
PROVEAN_VAR_creation.ipynb	True		31335	2022-07-15T06:21:15	7	7	0	7	4	4	4	0	0	0	0d5516b90d4dd372e6d779a2118ef5a7d628331deec39ec5ae2df0e495b452fa	6a75486661ca65c34bbe2ad0f1edb4c77161ec7a519c719ef3b443364e95480d	6a75486661ca65c34bbe2ad0f1edb4c77161ec7a519c719ef3b443364e95480d	PremPS,S2648,S_2648	1	3	0	0	0	2	0	from Bio.PDB import * | from Bio.PDB.Polypeptide import * | from Bio.Seq import Seq | from Bio.SeqIO import write | from Bio.SeqRecord import SeqRecord | from google.colab import drive | import os | import pandas | import re | import sys	S_669Processing,clearDirectory,createStructureResPosMap,premPSProcessing	
Preparing_Fasta_Files_For_PROVEAN.ipynb	True		3377	2022-07-14T06:40:26	6	6	0	5	2	2	2	0	0	0	bd34106c5c450c409ebaad5aa0ecf970cee3f2a104854da607319b888a395a73	2987b32249b1543b772bc18b50d62a882e6f27491c66a22b7b758da0d3b7974e	2987b32249b1543b772bc18b50d62a882e6f27491c66a22b7b758da0d3b7974e	S_669	1	3	0	0	0	0	0	from Bio.PDB import * | from Bio.PDB.Polypeptide import * | from Bio.Seq import Seq | from Bio.SeqIO import write | from Bio.SeqRecord import SeqRecord | from google.colab import drive | import os | import sys	write_sequences_fasta	
ProteinMPNNTesting.ipynb	True		334551	2022-08-08T21:27:41	37	37	0	5	18	20	20	3	226259	0	28d185bab61d17201b034bcd13a1d925db226d1299d7c520634f552692529223	d04fb863e2706e6b4a58b8a1a65b44d1a1c114303b0844bc042019254daa3758	d04fb863e2706e6b4a58b8a1a65b44d1a1c114303b0844bc042019254daa3758	PremPS,S2648,S_2648,Ssym	3	7	1	1	0	1	0	from Bio.PDB import * | from Bio.PDB.Polypeptide import * | from google.colab import drive | from mpl_toolkits.mplot3d import Axes3D | from protein_mpnn_utils import StructureDataset, StructureDatasetPDB, ProteinMPNN | from protein_mpnn_utils import loss_nll, loss_smoothed, gather_edges, gather_nodes, gather_nodes_t, cat_neighbors_nodes, _scores, _S_to_seq, tied_featurize, parse_PDB | from scipy.stats import entropy | from scipy.stats import pearsonr | from string import ascii_uppercase | from torch import optim | from torch.utils.data import DataLoader | from torch.utils.data.dataset import random_split, Subset | from tqdm.notebook import tqdm | import copy | import matplotlib.pyplot | import numpy | import os | import pandas | import random | import re | import seaborn | import shutil | import sys | import torch | import torch.nn | import torch.nn.functional | import warnings	convertChainFromAlphabetToNumber,returnPSSMArray,returnPSSMMapping	
ProteinMPNNTesting_V2.ipynb	True		150990	2022-08-09T01:20:17	27	27	0	23	10	13	13	2	64510	0	1354d85ce099b8e3654f68a4e62a6abc778ebd477ae707f7a58db19b4a9e7060	42e8fc6389c68d69c829ba29d3544a56b7a1c5c1bc71109153084f0334d2b636	42e8fc6389c68d69c829ba29d3544a56b7a1c5c1bc71109153084f0334d2b636	PremPS,S2648,S_2648,Ssym	3	6	1	1	0	1	0	from Bio.PDB import * | from Bio.PDB.Polypeptide import * | from google.colab import drive | from protein_mpnn_utils import StructureDataset, StructureDatasetPDB, ProteinMPNN | from protein_mpnn_utils import loss_nll, loss_smoothed, gather_edges, gather_nodes, gather_nodes_t, cat_neighbors_nodes, _scores, _S_to_seq, tied_featurize | from scipy.stats import entropy | from scipy.stats import pearsonr | from string import ascii_uppercase | from torch import optim | from torch.utils.data import DataLoader | from torch.utils.data.dataset import random_split, Subset | from tqdm.notebook import tqdm | import copy | import matplotlib.pyplot | import numpy | import os | import pandas | import random | import re | import seaborn | import shutil | import sys | import torch | import torch.nn | import torch.nn.functional | import warnings	AA_to_N,N_to_AA,convertChainFromAlphabetToNumber,parse_PDB,parse_PDB_biounits,returnPSSMArray,returnPSSMMapping	
ProteinMPNNTesting_V3.ipynb	True		151450	2022-08-09T22:47:17	31	31	0	25	12	15	15	2	57754	0	f80c78a12aea9b157c07c0f6b5b8dbba7d7ef4aef6cf9348dc55f19f7fd523e2	7b76a5bafc5d7c306627bfac8869a70ece237837fe5c3762078c60eab8e91e91	7b76a5bafc5d7c306627bfac8869a70ece237837fe5c3762078c60eab8e91e91	PremPS,S2648,S_2648,S_921,Ssym	3	6	1	1	0	1	0	from Bio.PDB import * | from Bio.PDB.Polypeptide import * | from google.colab import drive | from protein_mpnn_utils import StructureDataset, StructureDatasetPDB, ProteinMPNN | from protein_mpnn_utils import loss_nll, loss_smoothed, gather_edges, gather_nodes, gather_nodes_t, cat_neighbors_nodes, _scores, _S_to_seq, tied_featurize | from scipy.stats import entropy | from scipy.stats import pearsonr | from string import ascii_uppercase | from torch import optim | from torch.utils.data import DataLoader | from torch.utils.data.dataset import random_split, Subset | from tqdm.notebook import tqdm | import copy | import matplotlib.pyplot | import numpy | import os | import pandas | import random | import re | import seaborn | import shutil | import sys | import torch | import torch.nn | import torch.nn.functional | import warnings	AA_to_N,N_to_AA,convertChainFromAlphabetToNumber,distance_func_local,parse_PDB,parse_PDB_biounits,returnPSSMArray,returnPSSMMapping,return_neighbor_info	
ProteinMPNNTesting_V4.ipynb	True		212884	2022-08-12T04:33:08	34	34	0	25	11	13	13	2	55810	0	8d8746e58663c8f171197c603a3e84e16155863ae4e789f40a25cdf0eb1eb416	43c4f0f712adc3008ce1ea786c3f68b94c7dc7b32db279191c42c65452699c98	43c4f0f712adc3008ce1ea786c3f68b94c7dc7b32db279191c42c65452699c98	PremPS,S2648,S_2648,Ssym	4	6	1	1	0	1	0	from Bio.PDB import * | from Bio.PDB.Polypeptide import * | from __future__ import print_function | from google.colab import drive | from scipy.special import softmax | from scipy.stats import entropy | from scipy.stats import pearsonr | from string import ascii_uppercase | from torch import optim | from torch.utils.data import DataLoader | from torch.utils.data.dataset import random_split, Subset | from tqdm.notebook import tqdm | import copy | import itertools | import json | import matplotlib.pyplot | import numpy | import os | import pandas | import random | import re | import seaborn | import shutil | import sys | import torch | import torch.nn | import torch.nn.functional | import warnings	AA_to_N,N_to_AA,_S_to_seq,__getitem__,__init__,__iter__,__len__,_dist,_get_rbf,_rbf,_scores,cat_neighbors_nodes,conditional_probs,convertChainFromAlphabetToNumber,distance_func_local,forward,gather_edges,gather_nodes,gather_nodes_t,loss_nll,loss_smoothed,parse_PDB,parse_PDB_biounits,returnPSSMArray,returnPSSMMapping,return_neighbor_info,sample,tied_featurize,tied_sample,unconditional_probs	DecLayer,EncLayer,PositionWiseFeedForward,PositionalEncodings,ProteinFeatures,ProteinMPNN,StructureDataset,StructureDatasetPDB,StructureLoader
ProteinMPNNTesting_V5.ipynb	True		238160	2022-08-12T08:02:55	34	34	0	23	12	14	14	2	66890	0	0f2cc593d83b3d058bf3ff4bb5c422de571ec4aebf79d0a98795ed19cf5715c8	31f3f0a79fa461479e50bed7cede9f0573c557e0b90bf839fcc6cb30431d5d29	31f3f0a79fa461479e50bed7cede9f0573c557e0b90bf839fcc6cb30431d5d29	PremPS,S2648,S_2648,Ssym	4	6	1	1	0	1	0	from Bio.PDB import * | from Bio.PDB.Polypeptide import * | from __future__ import print_function | from google.colab import drive | from scipy.special import kl_div | from scipy.special import softmax | from scipy.stats import entropy | from scipy.stats import pearsonr | from string import ascii_uppercase | from torch import optim | from torch.utils.data import DataLoader | from torch.utils.data.dataset import random_split, Subset | from tqdm.notebook import tqdm | import copy | import itertools | import json | import matplotlib.pyplot | import numpy | import os | import pandas | import random | import re | import seaborn | import shutil | import sys | import torch | import torch.nn | import torch.nn.functional | import warnings	AA_to_N,N_to_AA,_S_to_seq,__getitem__,__init__,__iter__,__len__,_dist,_get_rbf,_rbf,_scores,cat_neighbors_nodes,conditional_probs,convertChainFromAlphabetToNumber,distance_func_local,forward,gather_edges,gather_nodes,gather_nodes_t,loss_nll,loss_smoothed,parse_PDB,parse_PDB_biounits,returnPSSMArray,returnPSSMMapping,return_neighbor_info,sample,tied_featurize,tied_sample,unconditional_probs	DecLayer,EncLayer,PositionWiseFeedForward,PositionalEncodings,ProteinFeatures,ProteinMPNN,StructureDataset,StructureDatasetPDB,StructureLoader
ProteinMPNNTesting_V6.ipynb	True		377405	2022-08-16T04:05:08	30	30	0	26	11	13	13	2	197370	0	56a228068619986f5f83d3e99467966ba800f9709e76cc8c8802428113a81db4	0c04c1435c0d11e5842c8e33a6d126d4673cfb41be1e39930e35d6828d3ed831	0c04c1435c0d11e5842c8e33a6d126d4673cfb41be1e39930e35d6828d3ed831	PremPS,S2648,S_2648,S_921,Ssym	5	6	1	1	0	1	0	from Bio.PDB import * | from Bio.PDB.Polypeptide import * | from __future__ import print_function | from google.colab import drive | from scipy.special import expit | from scipy.special import kl_div | from scipy.special import softmax | from scipy.stats import entropy | from scipy.stats import pearsonr | from string import ascii_uppercase | from torch import optim | from torch.utils.data import DataLoader | from torch.utils.data.dataset import random_split, Subset | from tqdm.notebook import tqdm | import copy | import itertools | import json | import matplotlib.pyplot | import numpy | import os | import pandas | import random | import re | import seaborn | import shutil | import sys | import torch | import torch.nn | import torch.nn.functional | import warnings	AA_to_N,N_to_AA,_S_to_seq,__getitem__,__init__,__iter__,__len__,_dist,_get_rbf,_rbf,_scores,cat_neighbors_nodes,conditional_probs,convertChainFromAlphabetToNumber,distance_func_local,forward,gather_edges,gather_nodes,gather_nodes_t,loss_nll,loss_smoothed,parse_PDB,parse_PDB_biounits,returnPSSMArray,returnPSSMMapping,return_neighbor_info,sample,tied_featurize,tied_sample,unconditional_probs	DecLayer,EncLayer,PositionWiseFeedForward,PositionalEncodings,ProteinFeatures,ProteinMPNN,StructureDataset,StructureDatasetPDB,StructureLoader
ProteinMPNNTesting_V6_V2.ipynb	True		468772	2022-08-24T07:16:12	28	28	0	25	13	16	16	1	163193	1	5089aaabff3f61c2c606fc16a62daafcb9d930ecaf2fedbfe2f8fe59e7b0ed3e	ada7960970013d8aa19caff80ff13f2df1ef8f631a9927d669bec04341b2da54	ada7960970013d8aa19caff80ff13f2df1ef8f631a9927d669bec04341b2da54	PremPS,S2648,S_2648,Ssym	3	6	1	1	0	1	0	from Bio.PDB import * | from Bio.PDB.Polypeptide import * | from __future__ import print_function | from google.colab import drive | from scipy.special import expit | from scipy.special import kl_div | from scipy.special import softmax | from scipy.stats import entropy | from scipy.stats import pearsonr | from sklearn.decomposition import PCA | from sklearn.preprocessing import StandardScaler | from string import ascii_uppercase | from torch import optim | from torch.utils.data import DataLoader | from torch.utils.data.dataset import random_split, Subset | from tqdm.notebook import tqdm | import copy | import itertools | import json | import matplotlib.pyplot | import numpy | import os | import pandas | import random | import re | import seaborn | import shutil | import sys | import time | import torch | import torch.nn | import torch.nn.functional | import warnings	AA_to_N,N_to_AA,_S_to_seq,__getitem__,__init__,__iter__,__len__,_dist,_get_rbf,_rbf,_scores,cat_neighbors_nodes,conditional_probs,convertChainFromAlphabetToNumber,distance_func_local,forward,gather_edges,gather_nodes,gather_nodes_t,loss_nll,loss_smoothed,parse_PDB,parse_PDB_biounits,returnPSSMArray,returnPSSMMapping,return_neighbor_info,sample,tied_featurize,tied_sample,unconditional_probs	DecLayer,EncLayer,PositionWiseFeedForward,PositionalEncodings,ProteinFeatures,ProteinMPNN,StructureDataset,StructureDatasetPDB,StructureLoader
ProteinMPNNTesting_V6_V2_debug.ipynb	True		453932	2022-08-22T22:52:08	31	31	0	14	11	14	14	1	163193	0	2d579fbe2ea7d956e1265c13be9a0fa7e06879a173db56f13af89388b2024658	a6c940396e628b8709c9ea2c37285d8fe0a34d0e976f16d5f698fcbd988c9703	a6c940396e628b8709c9ea2c37285d8fe0a34d0e976f16d5f698fcbd988c9703	PremPS,S2648,S_2648,S_921,Ssym	6	6	3	2	0	1	0	from Bio.PDB import * | from Bio.PDB.Polypeptide import * | from __future__ import print_function | from google.colab import drive | from scipy.special import expit | from scipy.special import kl_div | from scipy.special import softmax | from scipy.stats import entropy | from scipy.stats import pearsonr | from string import ascii_uppercase | from torch import optim | from torch.utils.data import DataLoader | from torch.utils.data.dataset import random_split, Subset | from tqdm.notebook import tqdm | import copy | import itertools | import json | import matplotlib.pyplot | import numpy | import os | import pandas | import random | import re | import seaborn | import shutil | import sys | import time | import torch | import torch.nn | import torch.nn.functional | import warnings	AA_to_N,N_to_AA,_S_to_seq,__getitem__,__init__,__iter__,__len__,_dist,_get_rbf,_rbf,_scores,cat_neighbors_nodes,conditional_probs,convertChainFromAlphabetToNumber,distance_func_local,forward,gather_edges,gather_nodes,gather_nodes_t,loss_nll,loss_smoothed,parse_PDB,parse_PDB_biounits,returnPSSMArray,returnPSSMMapping,return_neighbor_info,sample,tied_featurize,tied_sample,unconditional_probs	DecLayer,EncLayer,PositionWiseFeedForward,PositionalEncodings,ProteinFeatures,ProteinMPNN,StructureDataset,StructureDatasetPDB,StructureLoader
ProteinMPNNTesting_V7.ipynb	True		121399	2022-08-18T00:27:05	24	24	0	0	7	9	9	2	83062	0	66cad8a8848a70304cc8247d38d9d2bb9b4b33f37994b476456e0c8e0d7d6bda	dc36b60c96fe2b11004614be5631df0109f44983a61f530607a85da6fc98226b	dc36b60c96fe2b11004614be5631df0109f44983a61f530607a85da6fc98226b	S_2648,Ssym	2	6	1	1	0	0	0	from Bio.PDB import * | from Bio.PDB.Polypeptide import * | from google.colab import drive | from scipy.special import kl_div | from scipy.special import softmax | from scipy.stats import entropy | from scipy.stats import pearsonr | from string import ascii_uppercase | from torch import optim | from torch.utils.data import DataLoader | from torch.utils.data.dataset import random_split, Subset | from tqdm.notebook import tqdm | import copy | import matplotlib.pyplot | import numpy | import os | import pandas | import random | import re | import seaborn | import shutil | import sys | import torch | import torch.nn | import torch.nn.functional | import warnings	convertChainFromAlphabetToNumber,returnPSSMArray,returnPSSMMapping	
PyRun_Notebook_V16 (1).ipynb	True		158186	2022-07-12T02:29:31	27	27	0	25	6	10	10	0	0	1	c6e987bfabeb442d636531f9d027245d9a62df0d353610c3e71479dbcf39d01e	37f5c110cc3e2c4f3ef5bc7afd0c59c8ba128f4380eb0edda2b342d617addf12	37f5c110cc3e2c4f3ef5bc7afd0c59c8ba128f4380eb0edda2b342d617addf12	PremPS,S2648,S_2648,S_669,premPS,s669	5	5	2	1	1	3	0	from Bio.PDB import * | from Bio.PDB.Polypeptide import * | from Bio.Seq import Seq | from Bio.SeqIO import write | from Bio.SeqRecord import SeqRecord | from HydrogenBond_Decorator import RosettaHBondDecorator | from Jump_Feature_Decorator import RosettaJumpDecorator | from Training_Utils import EarlyStopping, SaveCheckpoint, LoadCheckpoint | from google.colab import drive | from matplotlib.lines import Line2D | from scipy.stats import pearsonr | from string import ascii_uppercase | from torch.utils.data import Dataset, DataLoader | from torch.utils.data.sampler import RandomSampler | from torch_geometric.data import Batch | from torch_geometric.data import Data | from torch_geometric.data import DataLoader as DLoader | from torch_geometric.nn import GATv2Conv, GATConv | from tqdm.notebook import tqdm | from typing import Counter | import Bio | import copy | import matplotlib.pyplot | import numpy | import os | import pandas | import pickle | import pyrosetta | import random | import re | import sys | import time | import torch | import torch.nn | import torch.nn.functional | import torch.optim	__getitem__,__init__,__len__,calc_all_pair_distances,calc_distances_for_neighbor_list,calc_hbond_features_for_neighbor_list,calc_hbond_features_for_pair,calc_jump_features_for_neighbor_list,calc_jump_features_for_pair,calc_residue_dist,collate_fn_padd,convertChainFromAlphabetToNumber,convert_node_embedding_format,createBioStructures,createPyRosettaPoses,createTwoLevelMap,create_g_data_list,detectPoseAndStructureDisparity,eval,findICode,forward,getFlagVector,getMask,getNeighborMatrices,getNeighbors,getProps,get_ddgunfeatures_for_neighbor_list,get_edge_features,get_edge_index_complete,get_edge_index_induced,get_mut_map,get_pssmfeatures_for_neighbor_list,get_pssmfeatures_for_residue,make_mutations,make_predictions,oneToThree,plot_grad_flow,plot_train_curves,remove_reverse_mutants,remove_val_proteins_from_ssl_data,resolvePoseStructureDisparity,returnPSSMArray,returnPSSMMapping,returnToFromFeatures,return_all_training_related_tensors_for_S_669_dataset,return_all_training_related_tensors_for_premPS_datasets,return_ddgun_map,return_pose_and_struct_dictionaries,return_ssl_tensors,return_train_val_split,threeToOne,train,train_epochs,write_sequences_fasta	Model_feat,Model_regressor,MyDataset
PyRun_Notebook_V16.ipynb	True		158180	2022-07-07T03:49:53	27	27	0	25	6	10	10	0	0	1	ddaae2ad2c335394ea664a8bf99f6308d1873ce41e98d138c8fe82b7d205dcfe	c7bbe3187b92b4146a760802d2ba729bccfc8507f7fad5c6d1f96fe3bf29799a	c7bbe3187b92b4146a760802d2ba729bccfc8507f7fad5c6d1f96fe3bf29799a	PremPS,S2648,S_2648,S_669,premPS,s669	5	5	2	1	1	3	0	from Bio.PDB import * | from Bio.PDB.Polypeptide import * | from Bio.Seq import Seq | from Bio.SeqIO import write | from Bio.SeqRecord import SeqRecord | from HydrogenBond_Decorator import RosettaHBondDecorator | from Jump_Feature_Decorator import RosettaJumpDecorator | from Training_Utils import EarlyStopping, SaveCheckpoint, LoadCheckpoint | from google.colab import drive | from matplotlib.lines import Line2D | from scipy.stats import pearsonr | from string import ascii_uppercase | from torch.utils.data import Dataset, DataLoader | from torch.utils.data.sampler import RandomSampler | from torch_geometric.data import Batch | from torch_geometric.data import Data | from torch_geometric.data import DataLoader as DLoader | from torch_geometric.nn import GATv2Conv, GATConv | from tqdm.notebook import tqdm | from typing import Counter | import Bio | import copy | import matplotlib.pyplot | import numpy | import os | import pandas | import pickle | import pyrosetta | import random | import re | import sys | import time | import torch | import torch.nn | import torch.nn.functional | import torch.optim	__getitem__,__init__,__len__,calc_all_pair_distances,calc_distances_for_neighbor_list,calc_hbond_features_for_neighbor_list,calc_hbond_features_for_pair,calc_jump_features_for_neighbor_list,calc_jump_features_for_pair,calc_residue_dist,collate_fn_padd,convertChainFromAlphabetToNumber,convert_node_embedding_format,createBioStructures,createPyRosettaPoses,createTwoLevelMap,create_g_data_list,detectPoseAndStructureDisparity,eval,findICode,forward,getFlagVector,getMask,getNeighborMatrices,getNeighbors,getProps,get_ddgunfeatures_for_neighbor_list,get_edge_features,get_edge_index_complete,get_edge_index_induced,get_mut_map,get_pssmfeatures_for_neighbor_list,get_pssmfeatures_for_residue,make_mutations,make_predictions,oneToThree,plot_grad_flow,plot_train_curves,remove_reverse_mutants,remove_val_proteins_from_ssl_data,resolvePoseStructureDisparity,returnPSSMArray,returnPSSMMapping,returnToFromFeatures,return_all_training_related_tensors_for_S_669_dataset,return_all_training_related_tensors_for_premPS_datasets,return_ddgun_map,return_pose_and_struct_dictionaries,return_ssl_tensors,return_train_val_split,threeToOne,train,train_epochs,write_sequences_fasta	Model_feat,Model_regressor,MyDataset
PyRun_Notebook_V16_new_colab.ipynb	True		194440	2022-07-13T02:03:57	28	28	0	26	7	11	11	0	0	0	9164305233f1f385f45ee04b1a5d1f83aad331ff86623834d96cc1c592ffa512	59630597265f286c2004bbd41d215b0a60a4cc7a9d2119262d02f95dbdadd86a	59630597265f286c2004bbd41d215b0a60a4cc7a9d2119262d02f95dbdadd86a	PremPS,S2648,S_2648,S_669,premPS,s669	5	5	2	1	1	3	0	from Bio.PDB import * | from Bio.PDB.Polypeptide import * | from Bio.Seq import Seq | from Bio.SeqIO import write | from Bio.SeqRecord import SeqRecord | from HydrogenBond_Decorator import RosettaHBondDecorator | from Jump_Feature_Decorator import RosettaJumpDecorator | from Training_Utils import EarlyStopping, SaveCheckpoint, LoadCheckpoint | from google.colab import drive | from matplotlib.lines import Line2D | from scipy.stats import pearsonr | from string import ascii_uppercase | from torch.utils.data import Dataset, DataLoader | from torch.utils.data.sampler import RandomSampler | from torch_geometric.data import Batch | from torch_geometric.data import Data | from torch_geometric.data import DataLoader as DLoader | from torch_geometric.nn import GATv2Conv, GATConv | from tqdm.notebook import tqdm | from typing import Counter | import Bio | import copy | import matplotlib.pyplot | import numpy | import os | import pandas | import pickle | import pyrosetta | import random | import re | import sys | import time | import torch | import torch.nn | import torch.nn.functional | import torch.optim	__getitem__,__init__,__len__,calc_all_pair_distances,calc_distances_for_neighbor_list,calc_hbond_features_for_neighbor_list,calc_hbond_features_for_pair,calc_jump_features_for_neighbor_list,calc_jump_features_for_pair,calc_residue_dist,collate_fn_padd,convertChainFromAlphabetToNumber,convert_node_embedding_format,createBioStructures,createPyRosettaPoses,createTwoLevelMap,create_g_data_list,detectPoseAndStructureDisparity,eval,findICode,forward,getFlagVector,getMask,getNeighborMatrices,getNeighbors,getProps,get_ddgunfeatures_for_neighbor_list,get_edge_features,get_edge_index_complete,get_edge_index_induced,get_mut_map,get_pssmfeatures_for_neighbor_list,get_pssmfeatures_for_residue,make_mutations,make_predictions,oneToThree,plot_grad_flow,plot_train_curves,remove_reverse_mutants,remove_val_proteins_from_ssl_data,resolvePoseStructureDisparity,returnPSSMArray,returnPSSMMapping,returnToFromFeatures,return_all_training_related_tensors_for_S_669_dataset,return_all_training_related_tensors_for_premPS_datasets,return_ddgun_map,return_pose_and_struct_dictionaries,return_ssl_tensors,return_train_val_split,threeToOne,train,train_epochs,write_sequences_fasta	Model_feat,Model_regressor,MyDataset
Quick_Dirty_MPNN_ML.ipynb	True		408270	2022-08-18T01:43:32	38	38	0	17	27	47	47	8	318340	0	bf898af995f5cc1e1580d9de5822a38f93db799c031239a6206841366eb8895a	513a9d5b995e495ab2ccfe86e9e33745e71e3974a7ddbc761055a9d84aa3ad49	513a9d5b995e495ab2ccfe86e9e33745e71e3974a7ddbc761055a9d84aa3ad49	S_2648,S_669,S_921,Ssym	4	5	4	0	0	0	0	from Bio.PDB import * | from Bio.PDB.Polypeptide import * | from google.colab import drive | from scipy.special import kl_div | from scipy.special import softmax | from scipy.stats import entropy | from scipy.stats import pearsonr | from sklearn.ensemble import GradientBoostingRegressor | from sklearn.ensemble import RandomForestRegressor | from sklearn.linear_model import Lasso | from sklearn.linear_model import LinearRegression | from sklearn.linear_model import Ridge | from sklearn.preprocessing import Normalizer | from sklearn.svm import SVR | from tqdm.notebook import tqdm | import numpy | import os | import pandas | import pickle | import random | import seaborn | import sys	hillclimbing,objective	
Quick_Dirty_MPNN_ML_V2.ipynb	True		529428	2022-08-18T16:38:33	49	49	0	20	30	50	50	10	406450	0	6b80eaedf58752dfa6315620a82ed83eba4a3bbcbf81ec668e889468c817270d	a5e606405c493f6613ce24b7f710b9d2e9598f40469b736aeaf817cc272ec8a6	a5e606405c493f6613ce24b7f710b9d2e9598f40469b736aeaf817cc272ec8a6	S_2648,S_669,S_921,Ssym	8	5	5	4	0	0	0	from Bio.PDB import * | from Bio.PDB.Polypeptide import * | from google.colab import drive | from itertools import combinations | from scipy.special import kl_div | from scipy.special import softmax | from scipy.stats import entropy | from scipy.stats import pearsonr | from sklearn.ensemble import GradientBoostingRegressor | from sklearn.ensemble import RandomForestRegressor | from sklearn.linear_model import Lasso | from sklearn.linear_model import LinearRegression | from sklearn.linear_model import Ridge | from sklearn.preprocessing import Normalizer | from sklearn.svm import SVR | from tqdm.notebook import tqdm | import matplotlib | import matplotlib.pyplot | import numpy | import os | import pandas | import pickle | import random | import seaborn | import sys	hillclimbing,objective	
Quick_Dirty_MPNN_ML_V2_V2.ipynb	True		369756	2022-08-30T19:57:16	43	43	0	16	19	31	31	5	248093	0	ddefff297dd6a9669c4b87a11240e26820082647f9828e7777efa542a6d77c3e	259120f07699a4a21a3ac84bc8acdd3d6a4b9b6047bd941096c1b4ece432843b	259120f07699a4a21a3ac84bc8acdd3d6a4b9b6047bd941096c1b4ece432843b	S2648,S669,S921,S_2648,S_669,S_921,Ssym	8	5	5	4	0	0	0	from Bio.PDB import * | from Bio.PDB.Polypeptide import * | from google.colab import drive | from itertools import combinations | from scipy.special import kl_div | from scipy.special import softmax | from scipy.stats import entropy | from scipy.stats import pearsonr | from sklearn.decomposition import KernelPCA | from sklearn.decomposition import PCA | from sklearn.ensemble import GradientBoostingRegressor | from sklearn.ensemble import RandomForestRegressor, AdaBoostRegressor | from sklearn.linear_model import Lasso | from sklearn.linear_model import LinearRegression | from sklearn.linear_model import Ridge | from sklearn.preprocessing import Normalizer | from sklearn.preprocessing import StandardScaler | from sklearn.svm import SVR | from sklearn.tree import DecisionTreeRegressor | from tqdm.notebook import tqdm | import numpy | import os | import pandas | import pickle | import random | import seaborn | import sys		
Quick_Dirty_MPNN_ML_V2_V3.ipynb	True		823018	2022-09-24T05:46:49	42	42	0	39	28	44	44	9	635825	0	69eb3ead9e7debaa924ea2b566316da1322588ab799c82a877661554fc5a56bb	9ade7c2f784d9a9c1eb29854e892a588beb122f940de20479878615f922a7cec	9ade7c2f784d9a9c1eb29854e892a588beb122f940de20479878615f922a7cec	S_2648,S_669,S_921,Ssym	8	5	6	2	1	0	0	from Bio.PDB import * | from Bio.PDB.Polypeptide import * | from google.colab import drive | from scipy.special import kl_div | from scipy.special import softmax | from scipy.stats import entropy | from scipy.stats import pearsonr | from sklearn.decomposition import KernelPCA | from sklearn.decomposition import PCA | from sklearn.ensemble import GradientBoostingRegressor | from sklearn.ensemble import RandomForestRegressor, AdaBoostRegressor | from sklearn.linear_model import Lasso | from sklearn.linear_model import LinearRegression | from sklearn.linear_model import Ridge | from sklearn.preprocessing import Normalizer | from sklearn.preprocessing import StandardScaler | from sklearn.svm import SVR | from sklearn.tree import DecisionTreeRegressor | from tqdm.notebook import tqdm | import math | import matplotlib.pyplot | import numpy | import os | import pandas | import pickle | import random | import seaborn | import sys	dict_mean	
Quick_Dirty_MPNN_ML_V2_VGRAPHS_V1.ipynb	True		809800	2022-10-12T03:03:58	42	42	0	0	28	44	44	9	629741	0	12eb1dac8fb3e1f05aae4545f54feba8ae602a61bbce8950052e40111fcb319f	9581d84199d851a18f03bf18135bb3943a829b984bb8217c9c9d98380498aabf	9581d84199d851a18f03bf18135bb3943a829b984bb8217c9c9d98380498aabf	S_2648,S_669,S_921,Ssym	8	5	6	2	1	0	0	from Bio.PDB import * | from Bio.PDB.Polypeptide import * | from google.colab import drive | from scipy.special import kl_div | from scipy.special import softmax | from scipy.stats import entropy | from scipy.stats import pearsonr | from sklearn.decomposition import KernelPCA | from sklearn.decomposition import PCA | from sklearn.ensemble import GradientBoostingRegressor | from sklearn.ensemble import RandomForestRegressor, AdaBoostRegressor | from sklearn.linear_model import Lasso | from sklearn.linear_model import LinearRegression | from sklearn.linear_model import Ridge | from sklearn.preprocessing import Normalizer | from sklearn.preprocessing import StandardScaler | from sklearn.svm import SVR | from sklearn.tree import DecisionTreeRegressor | from tqdm.notebook import tqdm | import math | import matplotlib.pyplot | import numpy | import os | import pandas | import pickle | import random | import seaborn | import sys	dict_mean	
S669_ProteinMPNNTesting_V3.ipynb	True		139094	2022-08-09T07:48:43	29	29	0	24	12	13	13	2	50558	0	4598dd1b51e5bcf0b7d8b6c18b097509f20e8216c4809517ffa02bd9bb560eb1	f45a4a12bf57518c93d5f9a9e77fc7b06e2c5426024bf920f1eb5193b55210c4	f45a4a12bf57518c93d5f9a9e77fc7b06e2c5426024bf920f1eb5193b55210c4	PremPS,S_2648,S_669,Ssym,s669	3	8	1	1	0	1	0	from Bio.PDB import * | from Bio.PDB.Polypeptide import * | from google.colab import drive | from protein_mpnn_utils import StructureDataset, StructureDatasetPDB, ProteinMPNN | from protein_mpnn_utils import loss_nll, loss_smoothed, gather_edges, gather_nodes, gather_nodes_t, cat_neighbors_nodes, _scores, _S_to_seq, tied_featurize | from scipy.stats import entropy | from scipy.stats import pearsonr | from string import ascii_uppercase | from torch import optim | from torch.utils.data import DataLoader | from torch.utils.data.dataset import random_split, Subset | from tqdm.notebook import tqdm | import copy | import matplotlib.pyplot | import numpy | import os | import pandas | import random | import re | import seaborn | import shutil | import sys | import torch | import torch.nn | import torch.nn.functional | import warnings	AA_to_N,N_to_AA,convertChainFromAlphabetToNumber,parse_PDB,parse_PDB_biounits,returnPSSMArray,returnPSSMMapping	
S669_ProteinMPNNTesting_V6.ipynb	True		371049	2022-08-18T00:27:05	28	28	0	0	11	12	12	2	190474	0	1ed071c2aff5a134a5a8e0b40883025b496cfb85b25a0a231330e3a4bcddb084	2e882993ca915abd789b754f203066ec77d3bb986bcdae270ecfcc37e9ef723b	2e882993ca915abd789b754f203066ec77d3bb986bcdae270ecfcc37e9ef723b	PremPS,S_2648,S_669,Ssym,s669	3	7	1	1	0	1	0	from Bio.PDB import * | from Bio.PDB.Polypeptide import * | from __future__ import print_function | from google.colab import drive | from protein_mpnn_utils import StructureDataset, StructureDatasetPDB, ProteinMPNN | from protein_mpnn_utils import loss_nll, loss_smoothed, gather_edges, gather_nodes, gather_nodes_t, cat_neighbors_nodes, _scores, _S_to_seq, tied_featurize | from scipy.special import expit | from scipy.special import kl_div | from scipy.special import softmax | from scipy.stats import entropy | from scipy.stats import pearsonr | from string import ascii_uppercase | from torch import optim | from torch.utils.data import DataLoader | from torch.utils.data.dataset import random_split, Subset | from tqdm.notebook import tqdm | import copy | import itertools | import json | import matplotlib.pyplot | import numpy | import os | import pandas | import random | import re | import seaborn | import shutil | import sys | import torch | import torch.nn | import torch.nn.functional | import warnings	AA_to_N,N_to_AA,_S_to_seq,__getitem__,__init__,__iter__,__len__,_dist,_get_rbf,_rbf,_scores,cat_neighbors_nodes,conditional_probs,convertChainFromAlphabetToNumber,distance_func_local,forward,gather_edges,gather_nodes,gather_nodes_t,loss_nll,loss_smoothed,parse_PDB,parse_PDB_biounits,returnPSSMArray,returnPSSMMapping,return_neighbor_info,sample,tied_featurize,tied_sample,unconditional_probs	DecLayer,EncLayer,PositionWiseFeedForward,PositionalEncodings,ProteinFeatures,ProteinMPNN,StructureDataset,StructureDatasetPDB,StructureLoader
S669_ProteinMPNNTesting_V6_V2.ipynb	True		254098	2022-08-25T01:11:37	27	27	0	23	9	10	10	1	77673	0	958344505b13c6ec7a851a996308aa082c55fcd0eb1a88d29355bbb151c61607	14ca790eb37cbb8e51518d4c7b1a1c96e21e1e452e6bf2254a99d592e82af414	14ca790eb37cbb8e51518d4c7b1a1c96e21e1e452e6bf2254a99d592e82af414	PremPS,S_2648,S_669,Ssym,s669	3	7	1	1	0	1	0	from Bio.PDB import * | from Bio.PDB.Polypeptide import * | from __future__ import print_function | from google.colab import drive | from scipy.special import expit | from scipy.special import kl_div | from scipy.special import softmax | from scipy.stats import entropy | from scipy.stats import pearsonr | from string import ascii_uppercase | from torch import optim | from torch.utils.data import DataLoader | from torch.utils.data.dataset import random_split, Subset | from tqdm.notebook import tqdm | import copy | import itertools | import json | import matplotlib.pyplot | import numpy | import os | import pandas | import random | import re | import seaborn | import shutil | import sys | import time | import torch | import torch.nn | import torch.nn.functional | import warnings	AA_to_N,N_to_AA,_S_to_seq,__getitem__,__init__,__iter__,__len__,_dist,_get_rbf,_rbf,_scores,cat_neighbors_nodes,conditional_probs,convertChainFromAlphabetToNumber,distance_func_local,forward,gather_edges,gather_nodes,gather_nodes_t,loss_nll,loss_smoothed,parse_PDB,parse_PDB_biounits,returnPSSMArray,returnPSSMMapping,return_neighbor_info,sample,tied_featurize,tied_sample,unconditional_probs	DecLayer,EncLayer,PositionWiseFeedForward,PositionalEncodings,ProteinFeatures,ProteinMPNN,StructureDataset,StructureDatasetPDB,StructureLoader
Ssym_ProteinMPNNTesting_V3.ipynb	True		140950	2022-08-09T07:53:08	29	29	0	24	12	13	13	2	52446	0	66eca7dfb3a22758a713aeb9fa69e7dab50d5d666a4e006d73057171226c54ce	d2a7386705e06d4f390e7e1c62cde7ce2cdd01192b36e752cb086175de326199	d2a7386705e06d4f390e7e1c62cde7ce2cdd01192b36e752cb086175de326199	PremPS,S_2648,Ssym	3	7	1	1	0	1	0	from Bio.PDB import * | from Bio.PDB.Polypeptide import * | from google.colab import drive | from protein_mpnn_utils import StructureDataset, StructureDatasetPDB, ProteinMPNN | from protein_mpnn_utils import loss_nll, loss_smoothed, gather_edges, gather_nodes, gather_nodes_t, cat_neighbors_nodes, _scores, _S_to_seq, tied_featurize | from scipy.stats import entropy | from scipy.stats import pearsonr | from string import ascii_uppercase | from torch import optim | from torch.utils.data import DataLoader | from torch.utils.data.dataset import random_split, Subset | from tqdm.notebook import tqdm | import copy | import matplotlib.pyplot | import numpy | import os | import pandas | import random | import re | import seaborn | import shutil | import sys | import torch | import torch.nn | import torch.nn.functional | import warnings	AA_to_N,N_to_AA,convertChainFromAlphabetToNumber,parse_PDB,parse_PDB_biounits,returnPSSMArray,returnPSSMMapping	
Ssym_ProteinMPNNTesting_V6.ipynb	True		374364	2022-08-16T10:10:19	29	29	0	25	10	11	11	2	192538	0	de16165943d71e63257998185489d248cbe8862384d055e057f798f29a0fbcd4	6b9f2bec2d084a8a897ac4959b2427a7e5669474006cd39524b1e5b47f52791b	6b9f2bec2d084a8a897ac4959b2427a7e5669474006cd39524b1e5b47f52791b	PremPS,S_2648,Ssym	4	6	1	2	0	1	0	from Bio.PDB import * | from Bio.PDB.Polypeptide import * | from __future__ import print_function | from google.colab import drive | from protein_mpnn_utils import StructureDataset, StructureDatasetPDB, ProteinMPNN | from protein_mpnn_utils import loss_nll, loss_smoothed, gather_edges, gather_nodes, gather_nodes_t, cat_neighbors_nodes, _scores, _S_to_seq, tied_featurize | from scipy.special import expit | from scipy.special import kl_div | from scipy.special import softmax | from scipy.stats import entropy | from scipy.stats import pearsonr | from string import ascii_uppercase | from torch import optim | from torch.utils.data import DataLoader | from torch.utils.data.dataset import random_split, Subset | from tqdm.notebook import tqdm | import copy | import itertools | import json | import matplotlib.pyplot | import numpy | import os | import pandas | import random | import re | import seaborn | import shutil | import sys | import torch | import torch.nn | import torch.nn.functional | import warnings	AA_to_N,N_to_AA,_S_to_seq,__getitem__,__init__,__iter__,__len__,_dist,_get_rbf,_rbf,_scores,cat_neighbors_nodes,conditional_probs,convertChainFromAlphabetToNumber,distance_func_local,forward,gather_edges,gather_nodes,gather_nodes_t,loss_nll,loss_smoothed,parse_PDB,parse_PDB_biounits,returnPSSMArray,returnPSSMMapping,return_neighbor_info,sample,tied_featurize,tied_sample,unconditional_probs	DecLayer,EncLayer,PositionWiseFeedForward,PositionalEncodings,ProteinFeatures,ProteinMPNN,StructureDataset,StructureDatasetPDB,StructureLoader
Ssym_ProteinMPNNTesting_V6_V2.ipynb	True		277749	2022-08-25T04:17:49	27	27	0	24	10	12	12	1	77693	0	e2999682c1f98b926ce6e93680c1c9850ce6f43fdb9176bc9fdf82c8c4186ead	f4dfa565eed04f76921b94d9f7a3ab84f5f408383e5a7ee7623aefc56b2c7cdd	f4dfa565eed04f76921b94d9f7a3ab84f5f408383e5a7ee7623aefc56b2c7cdd	PremPS,S_2648,Ssym	3	6	1	1	0	1	0	from Bio.PDB import * | from Bio.PDB.Polypeptide import * | from __future__ import print_function | from google.colab import drive | from scipy.special import expit | from scipy.special import kl_div | from scipy.special import softmax | from scipy.stats import entropy | from scipy.stats import pearsonr | from string import ascii_uppercase | from torch import optim | from torch.utils.data import DataLoader | from torch.utils.data.dataset import random_split, Subset | from tqdm.notebook import tqdm | import copy | import itertools | import json | import matplotlib.pyplot | import numpy | import os | import pandas | import random | import re | import seaborn | import shutil | import sys | import time | import torch | import torch.nn | import torch.nn.functional | import warnings	AA_to_N,N_to_AA,_S_to_seq,__getitem__,__init__,__iter__,__len__,_dist,_get_rbf,_rbf,_scores,cat_neighbors_nodes,conditional_probs,convertChainFromAlphabetToNumber,distance_func_local,forward,gather_edges,gather_nodes,gather_nodes_t,loss_nll,loss_smoothed,parse_PDB,parse_PDB_biounits,returnPSSMArray,returnPSSMMapping,return_neighbor_info,sample,tied_featurize,tied_sample,unconditional_probs	DecLayer,EncLayer,PositionWiseFeedForward,PositionalEncodings,ProteinFeatures,ProteinMPNN,StructureDataset,StructureDatasetPDB,StructureLoader
Untitled	True		306	2022-07-08T21:52:02	1	1	0	1	0	0	0	0	0	0	3f2676a37003be3780af9932ce463bd2f8d423f1ba65a4e84257f3949777d5d5	e3b0c44298fc1c149afbf4c8996fb92427ae41e4649b934ca495991b7852b855	e3b0c44298fc1c149afbf4c8996fb92427ae41e4649b934ca495991b7852b855		0	0	0	0	0	0	0			
Untitled0.ipynb	True		351	2022-08-13T05:55:19	1	1	0	0	0	0	0	0	0	0	e9b9652e36d757d9ef9f5b79f5b049e6bb8b8f4a76b9b86ff7bef0318d0cd470	e3b0c44298fc1c149afbf4c8996fb92427ae41e4649b934ca495991b7852b855	e3b0c44298fc1c149afbf4c8996fb92427ae41e4649b934ca495991b7852b855		0	0	0	0	0	0	0			
Untitled1.ipynb	True		3946	2022-10-29T02:20:27	7	7	0	7	4	4	4	0	0	0	54b7e86980591a36007b8254f40ba4ac11b25bb9956e255f8310f11aadee237c	c38c7ae3d0b29b425c74110c64eee333b512e2bfab9104dcf5139934dc17edc3	c38c7ae3d0b29b425c74110c64eee333b512e2bfab9104dcf5139934dc17edc3		0	0	0	0	0	0	0	import numpy	__contains__,__getitem__,__init__	Person
proteinmpnn_quickdemo.ipynb	True		397580	2022-08-04T06:37:54	9	7	2	0	5	5	5	0	0	0	15bf974c632083a1320e2f66a7c5011dc88b4079a91b0175acba5b7d6c1e3afb	bad9ad19322429b6f921bfbcaa994ab8511b621d1cf2009ccf82d5cd0a807881	87fe1416835a43528d13ff9986f803f53030db306ccda8d154d7ac45f4e6102b		4	2	0	0	0	0	0	from google.colab import files | from protein_mpnn_utils import StructureDataset, StructureDatasetPDB, ProteinMPNN | from protein_mpnn_utils import loss_nll, loss_smoothed, gather_edges, gather_nodes, gather_nodes_t, cat_neighbors_nodes, _scores, _S_to_seq, tied_featurize, parse_PDB | from torch import optim | from torch.utils.data import DataLoader | from torch.utils.data.dataset import random_split, Subset | import copy | import json | import matplotlib.pyplot | import numpy | import os.path | import plotly.express | import random | import re | import shutil | import torch | import torch.nn | import torch.nn.functional | import warnings	get_pdb,make_tied_positions_for_homomers	
test_esm_shit.ipynb	True		324	2022-11-03T06:11:17	1	1	0	0	0	0	0	0	0	0	024cc18c17329f15d94c4945f53ac4f21eef2ce55c477a05b9ad989d4e1c51ab	e3b0c44298fc1c149afbf4c8996fb92427ae41e4649b934ca495991b7852b855	e3b0c44298fc1c149afbf4c8996fb92427ae41e4649b934ca495991b7852b855		0	0	0	0	0	0	0			
