notebook_a	notebook_b	jaccard	containment_smaller	shared_tokens	tokens_a	tokens_b
PyRun_Notebook_V16 (1).ipynb	PyRun_Notebook_V16.ipynb	1.0000	1.0000	1328	1328	1328
Quick_Dirty_MPNN_ML_V2_V3.ipynb	Quick_Dirty_MPNN_ML_V2_VGRAPHS_V1.ipynb	1.0000	1.0000	797	797	797
PyRun_Notebook_V16 (1).ipynb	PyRun_Notebook_V16_new_colab.ipynb	0.9992	1.0000	1328	1328	1329
PyRun_Notebook_V16.ipynb	PyRun_Notebook_V16_new_colab.ipynb	0.9992	1.0000	1328	1328	1329
ProteinMPNNTesting_V4.ipynb	ProteinMPNNTesting_V5.ipynb	0.9427	0.9966	1482	1487	1567
S669_ProteinMPNNTesting_V6_V2.ipynb	Ssym_ProteinMPNNTesting_V6_V2.ipynb	0.9808	0.9953	1685	1693	1710
S669_ProteinMPNNTesting_V6.ipynb	Ssym_ProteinMPNNTesting_V6.ipynb	0.9739	0.9952	1644	1652	1680
ProteinMPNNTesting_V2.ipynb	ProteinMPNNTesting_V3.ipynb	0.9412	0.9949	784	788	829
ProteinMPNNTesting_V2.ipynb	ProteinMPNNTesting_V4.ipynb	0.5258	0.9949	784	788	1487
ProteinMPNNTesting_V6.ipynb	S669_ProteinMPNNTesting_V6.ipynb	0.9815	0.9946	1643	1665	1652
ProteinMPNNTesting_V2.ipynb	Ssym_ProteinMPNNTesting_V3.ipynb	0.9631	0.9937	783	788	808
ProteinMPNNTesting_V5.ipynb	ProteinMPNNTesting_V6.ipynb	0.9284	0.9930	1556	1567	1665
ProteinMPNNTesting_V6_V2.ipynb	ProteinMPNNTesting_V6_V2_debug.ipynb	0.9616	0.9922	1654	1707	1667
ProteinMPNNTesting_V4.ipynb	ProteinMPNNTesting_V6.ipynb	0.8795	0.9919	1475	1487	1665
ProteinMPNNTesting_V6.ipynb	Ssym_ProteinMPNNTesting_V6.ipynb	0.9746	0.9916	1651	1665	1680
S669_ProteinMPNNTesting_V3.ipynb	Ssym_ProteinMPNNTesting_V3.ipynb	0.9509	0.9910	775	782	808
ProteinMPNNTesting_V3.ipynb	S669_ProteinMPNNTesting_V3.ipynb	0.9270	0.9910	775	829	782
Quick_Dirty_MPNN_ML.ipynb	Quick_Dirty_MPNN_ML_V2.ipynb	0.8054	0.9907	534	539	658
ProteinMPNNTesting_V2.ipynb	ProteinMPNNTesting_V5.ipynb	0.4952	0.9898	780	788	1567
ProteinMPNNTesting_V6_V2.ipynb	S669_ProteinMPNNTesting_V6_V2.ipynb	0.9710	0.9894	1675	1707	1693
ProteinMPNNTesting_V6.ipynb	ProteinMPNNTesting_V7.ipynb	0.3238	0.9890	541	1665	547
ProteinMPNNTesting_V4.ipynb	S669_ProteinMPNNTesting_V3.ipynb	0.5167	0.9885	773	1487	782
ProteinMPNNTesting_V3.ipynb	ProteinMPNNTesting_V4.ipynb	0.5471	0.9879	819	829	1487
ProteinMPNNTesting_V5.ipynb	Ssym_ProteinMPNNTesting_V6.ipynb	0.9089	0.9866	1546	1567	1680
ProteinMPNNTesting_V2.ipynb	S669_ProteinMPNNTesting_V3.ipynb	0.9650	0.9859	771	788	782
ProteinMPNNTesting_V6_V2.ipynb	Ssym_ProteinMPNNTesting_V6_V2.ipynb	0.9695	0.9854	1682	1707	1710
ProteinMPNNTesting_V4.ipynb	Ssym_ProteinMPNNTesting_V6.ipynb	0.8586	0.9839	1463	1487	1680
ProteinMPNNTesting_V2.ipynb	ProteinMPNNTesting_V6.ipynb	0.4619	0.9835	775	788	1665
ProteinMPNNTesting_V5.ipynb	S669_ProteinMPNNTesting_V3.ipynb	0.4867	0.9834	769	1567	782
S669_ProteinMPNNTesting_V3.ipynb	S669_ProteinMPNNTesting_V6.ipynb	0.4619	0.9834	769	782	1652
ProteinMPNNTesting_V3.ipynb	ProteinMPNNTesting_V5.ipynb	0.5155	0.9831	815	829	1567
Ssym_ProteinMPNNTesting_V3.ipynb	Ssym_ProteinMPNNTesting_V6.ipynb	0.4678	0.9814	793	808	1680
ProteinMPNNTesting_V2.ipynb	Ssym_ProteinMPNNTesting_V6.ipynb	0.4560	0.9810	773	788	1680
ProteinMPNNTesting_V5.ipynb	S669_ProteinMPNNTesting_V6.ipynb	0.9127	0.9802	1536	1567	1652
ProteinMPNNTesting_V4.ipynb	S669_ProteinMPNNTesting_V6.ipynb	0.8640	0.9785	1455	1487	1652
ProteinMPNNTesting_V6_V2_debug.ipynb	Ssym_ProteinMPNNTesting_V6_V2.ipynb	0.9341	0.9784	1631	1667	1710
ProteinMPNNTesting_V4.ipynb	Ssym_ProteinMPNNTesting_V3.ipynb	0.5239	0.9765	789	1487	808
ProteinMPNNTesting_V6.ipynb	ProteinMPNNTesting_V6_V2_debug.ipynb	0.9508	0.9754	1624	1665	1667
ProteinMPNNTesting_V3.ipynb	ProteinMPNNTesting_V6.ipynb	0.4792	0.9747	808	829	1665
ProteinMPNNTesting_V6.ipynb	S669_ProteinMPNNTesting_V3.ipynb	0.4522	0.9744	762	1665	782
S669_ProteinMPNNTesting_V3.ipynb	Ssym_ProteinMPNNTesting_V6.ipynb	0.4482	0.9744	762	782	1680
ProteinMPNNTesting_V6_V2_debug.ipynb	S669_ProteinMPNNTesting_V6_V2.ipynb	0.9355	0.9742	1624	1667	1693
ProteinMPNNTesting_V3.ipynb	Ssym_ProteinMPNNTesting_V3.ipynb	0.9259	0.9740	787	829	808
ProteinMPNNTesting_V5.ipynb	Ssym_ProteinMPNNTesting_V3.ipynb	0.4956	0.9740	787	1567	808
ProteinMPNNTesting_V3.ipynb	Ssym_ProteinMPNNTesting_V6.ipynb	0.4741	0.9735	807	829	1680
ProteinMPNNTesting_V6_V2_debug.ipynb	Ssym_ProteinMPNNTesting_V6.ipynb	0.9403	0.9730	1622	1667	1680
ProteinMPNNTesting_V6_V2.ipynb	S669_ProteinMPNNTesting_V6.ipynb	0.9161	0.9722	1606	1707	1652
ProteinMPNNTesting_V6.ipynb	ProteinMPNNTesting_V6_V2.ipynb	0.9214	0.9712	1617	1665	1707
ProteinMPNNTesting_V2.ipynb	S669_ProteinMPNNTesting_V6.ipynb	0.4567	0.9708	765	788	1652
ProteinMPNNTesting_V6_V2_debug.ipynb	S669_ProteinMPNNTesting_V6.ipynb	0.9341	0.9703	1603	1667	1652
ProteinMPNNTesting_V4.ipynb	ProteinMPNNTesting_V6_V2_debug.ipynb	0.8423	0.9697	1442	1487	1667
ProteinMPNNTesting_V6_V2.ipynb	Ssym_ProteinMPNNTesting_V6.ipynb	0.9244	0.9685	1627	1707	1680
ProteinMPNNTesting_V5.ipynb	ProteinMPNNTesting_V6_V2_debug.ipynb	0.8835	0.9681	1517	1567	1667
ProteinMPNNTesting_V7.ipynb	S669_ProteinMPNNTesting_V6.ipynb	0.3168	0.9671	529	547	1652
ProteinMPNNTesting_V7.ipynb	Ssym_ProteinMPNNTesting_V6.ipynb	0.3115	0.9671	529	547	1680
ProteinMPNNTesting_V6.ipynb	Ssym_ProteinMPNNTesting_V3.ipynb	0.4607	0.9653	780	1665	808
S669_ProteinMPNNTesting_V6.ipynb	S669_ProteinMPNNTesting_V6_V2.ipynb	0.9103	0.9649	1594	1652	1693
ProteinMPNNTesting_V5.ipynb	ProteinMPNNTesting_V6_V2.ipynb	0.8571	0.9643	1511	1567	1707
ProteinMPNNTesting_V3.ipynb	S669_ProteinMPNNTesting_V6.ipynb	0.4750	0.9638	799	829	1652
Ssym_ProteinMPNNTesting_V6.ipynb	Ssym_ProteinMPNNTesting_V6_V2.ipynb	0.9142	0.9637	1619	1680	1710
ProteinMPNNTesting_V4.ipynb	ProteinMPNNTesting_V6_V2.ipynb	0.8137	0.9637	1433	1487	1707
ProteinMPNNTesting_V5.ipynb	ProteinMPNNTesting_V7.ipynb	0.3321	0.9634	527	1567	547
S669_ProteinMPNNTesting_V6.ipynb	Ssym_ProteinMPNNTesting_V6_V2.ipynb	0.8941	0.9607	1587	1652	1710
ProteinMPNNTesting_V6.ipynb	Ssym_ProteinMPNNTesting_V6_V2.ipynb	0.8961	0.9580	1595	1665	1710
ProteinMPNNTesting_V5.ipynb	Ssym_ProteinMPNNTesting_V6_V2.ipynb	0.8431	0.9566	1499	1567	1710
S669_ProteinMPNNTesting_V6.ipynb	Ssym_ProteinMPNNTesting_V3.ipynb	0.4573	0.9554	772	1652	808
Preparing_Fasta_Files_For_PROVEAN.ipynb	PyRun_Notebook_V16 (1).ipynb	0.0473	0.9545	63	66	1328
Preparing_Fasta_Files_For_PROVEAN.ipynb	PyRun_Notebook_V16.ipynb	0.0473	0.9545	63	66	1328
Preparing_Fasta_Files_For_PROVEAN.ipynb	PyRun_Notebook_V16_new_colab.ipynb	0.0473	0.9545	63	66	1329
ProteinMPNNTesting_V4.ipynb	Ssym_ProteinMPNNTesting_V6_V2.ipynb	0.7981	0.9543	1419	1487	1710
ProteinMPNNTesting_V6.ipynb	S669_ProteinMPNNTesting_V6_V2.ipynb	0.8972	0.9538	1588	1665	1693
S669_ProteinMPNNTesting_V6_V2.ipynb	Ssym_ProteinMPNNTesting_V6.ipynb	0.9035	0.9530	1601	1693	1680
ProteinMPNNTesting_V5.ipynb	S669_ProteinMPNNTesting_V6_V2.ipynb	0.8418	0.9509	1490	1567	1693
ProteinMPNNTesting_V4.ipynb	S669_ProteinMPNNTesting_V6_V2.ipynb	0.7986	0.9496	1412	1487	1693
ProteinMPNNTesting_V2.ipynb	ProteinMPNNTesting_V6_V2_debug.ipynb	0.4348	0.9442	744	788	1667
ProteinMPNNTesting_V2.ipynb	ProteinMPNNTesting_V6_V2.ipynb	0.4249	0.9442	744	788	1707
ProteinMPNNTesting_V3.ipynb	ProteinMPNNTesting_V6_V2_debug.ipynb	0.4529	0.9385	778	829	1667
ProteinMPNNTesting_V3.ipynb	ProteinMPNNTesting_V6_V2.ipynb	0.4425	0.9385	778	829	1707
ProteinMPNNTesting_V6_V2_debug.ipynb	S669_ProteinMPNNTesting_V3.ipynb	0.4263	0.9361	732	1667	782
ProteinMPNNTesting_V6_V2.ipynb	S669_ProteinMPNNTesting_V3.ipynb	0.4166	0.9361	732	1707	782
S669_ProteinMPNNTesting_V3.ipynb	S669_ProteinMPNNTesting_V6_V2.ipynb	0.4175	0.9322	729	782	1693
Ssym_ProteinMPNNTesting_V3.ipynb	Ssym_ProteinMPNNTesting_V6_V2.ipynb	0.4266	0.9319	753	808	1710
ProteinMPNNTesting_V6_V2.ipynb	Ssym_ProteinMPNNTesting_V3.ipynb	0.4265	0.9307	752	1707	808
ProteinMPNNTesting_V2.ipynb	Ssym_ProteinMPNNTesting_V6_V2.ipynb	0.4145	0.9289	732	788	1710
ProteinMPNNTesting_V6_V2_debug.ipynb	ProteinMPNNTesting_V7.ipynb	0.2978	0.9287	508	1667	547
ProteinMPNNTesting_V6_V2_debug.ipynb	Ssym_ProteinMPNNTesting_V3.ipynb	0.4348	0.9282	750	1667	808
ProteinMPNNTesting_V3.ipynb	Ssym_ProteinMPNNTesting_V6_V2.ipynb	0.4328	0.9252	767	829	1710
S669_ProteinMPNNTesting_V3.ipynb	Ssym_ProteinMPNNTesting_V6_V2.ipynb	0.4079	0.9233	722	782	1710
ProteinMPNNTesting.ipynb	ProteinMPNNTesting_V2.ipynb	0.7570	0.9213	726	897	788
ProteinMPNNTesting_V2.ipynb	S669_ProteinMPNNTesting_V6_V2.ipynb	0.4129	0.9201	725	788	1693
ProteinMPNNTesting_V3.ipynb	S669_ProteinMPNNTesting_V6_V2.ipynb	0.4313	0.9168	760	829	1693
ProteinMPNNTesting.ipynb	S669_ProteinMPNNTesting_V3.ipynb	0.7381	0.9118	713	897	782
ProteinMPNNTesting_V4.ipynb	ProteinMPNNTesting_V7.ipynb	0.3242	0.9104	498	1487	547
ProteinMPNNTesting_V6_V2.ipynb	ProteinMPNNTesting_V7.ipynb	0.2836	0.9104	498	1707	547
S669_ProteinMPNNTesting_V6_V2.ipynb	Ssym_ProteinMPNNTesting_V3.ipynb	0.4162	0.9097	735	1693	808
ProteinMPNNTesting.ipynb	Ssym_ProteinMPNNTesting_V3.ipynb	0.7451	0.9010	728	897	808
ProteinMPNNTesting_V7.ipynb	S669_ProteinMPNNTesting_V6_V2.ipynb	0.2742	0.8812	482	547	1693
ProteinMPNNTesting_V7.ipynb	Ssym_ProteinMPNNTesting_V6_V2.ipynb	0.2715	0.8812	482	547	1710
ProteinMPNNTesting.ipynb	ProteinMPNNTesting_V3.ipynb	0.7312	0.8794	729	897	829
Preparing_Fasta_Files_For_PROVEAN.ipynb	S669_ProteinMPNNTesting_V6.ipynb	0.0349	0.8788	58	66	1652
ProteinMPNNTesting.ipynb	ProteinMPNNTesting_V4.ipynb	0.4928	0.8774	787	897	1487
ProteinMPNNTesting.ipynb	ProteinMPNNTesting_V5.ipynb	0.4684	0.8763	786	897	1567
ProteinMPNNTesting.ipynb	ProteinMPNNTesting_V6.ipynb	0.4426	0.8763	786	897	1665
ProteinMPNNTesting.ipynb	Ssym_ProteinMPNNTesting_V6.ipynb	0.4373	0.8740	784	897	1680
ProteinMPNNTesting.ipynb	S669_ProteinMPNNTesting_V6.ipynb	0.4377	0.8651	776	897	1652
Preparing_Fasta_Files_For_PROVEAN.ipynb	S669_ProteinMPNNTesting_V3.ipynb	0.0721	0.8636	57	66	782
Preparing_Fasta_Files_For_PROVEAN.ipynb	ProteinMPNNTesting_V5.ipynb	0.0362	0.8636	57	66	1567
Preparing_Fasta_Files_For_PROVEAN.ipynb	ProteinMPNNTesting_V6.ipynb	0.0341	0.8636	57	66	1665
Preparing_Fasta_Files_For_PROVEAN.ipynb	Ssym_ProteinMPNNTesting_V6.ipynb	0.0337	0.8636	57	66	1680
Preparing_Fasta_Files_For_PROVEAN.ipynb	S669_ProteinMPNNTesting_V6_V2.ipynb	0.0335	0.8636	57	66	1693
Preparing_Fasta_Files_For_PROVEAN.ipynb	ProteinMPNNTesting_V2.ipynb	0.0702	0.8485	56	66	788
Preparing_Fasta_Files_For_PROVEAN.ipynb	Ssym_ProteinMPNNTesting_V3.ipynb	0.0685	0.8485	56	66	808
Preparing_Fasta_Files_For_PROVEAN.ipynb	ProteinMPNNTesting_V3.ipynb	0.0667	0.8485	56	66	829
Preparing_Fasta_Files_For_PROVEAN.ipynb	ProteinMPNNTesting.ipynb	0.0617	0.8485	56	66	897
Preparing_Fasta_Files_For_PROVEAN.ipynb	ProteinMPNNTesting_V4.ipynb	0.0374	0.8485	56	66	1487
Preparing_Fasta_Files_For_PROVEAN.ipynb	ProteinMPNNTesting_V6_V2_debug.ipynb	0.0334	0.8485	56	66	1667
Preparing_Fasta_Files_For_PROVEAN.ipynb	ProteinMPNNTesting_V6_V2.ipynb	0.0326	0.8485	56	66	1707
Preparing_Fasta_Files_For_PROVEAN.ipynb	Ssym_ProteinMPNNTesting_V6_V2.ipynb	0.0326	0.8485	56	66	1710
PROVEAN_VAR_creation.ipynb	PyRun_Notebook_V16 (1).ipynb	0.1150	0.8478	156	184	1328
PROVEAN_VAR_creation.ipynb	PyRun_Notebook_V16.ipynb	0.1150	0.8478	156	184	1328
PROVEAN_VAR_creation.ipynb	PyRun_Notebook_V16_new_colab.ipynb	0.1150	0.8478	156	184	1329
ProteinMPNNTesting.ipynb	ProteinMPNNTesting_V6_V2.ipynb	0.4114	0.8462	759	897	1707
ProteinMPNNTesting.ipynb	ProteinMPNNTesting_V6_V2_debug.ipynb	0.4197	0.8450	758	897	1667
ProteinMPNNTesting.ipynb	Ssym_ProteinMPNNTesting_V6_V2.ipynb	0.4024	0.8339	748	897	1710
ProteinMPNNTesting.ipynb	S669_ProteinMPNNTesting_V6_V2.ipynb	0.4008	0.8261	741	897	1693
PROVEAN_VAR_creation.ipynb	ProteinMPNNTesting_V6_V2.ipynb	0.0855	0.8098	149	184	1707
PROVEAN_VAR_creation.ipynb	ProteinMPNNTesting_V6_V2_debug.ipynb	0.0869	0.8043	148	184	1667
Preparing_Fasta_Files_For_PROVEAN.ipynb	ProteinMPNNTesting_V7.ipynb	0.0946	0.8030	53	66	547
ProteinMPNNTesting_V3.ipynb	ProteinMPNNTesting_V7.ipynb	0.4685	0.8026	439	829	547
PROVEAN_VAR_creation.ipynb	ProteinMPNNTesting_V5.ipynb	0.0916	0.7989	147	184	1567
PROVEAN_VAR_creation.ipynb	ProteinMPNNTesting_V6.ipynb	0.0864	0.7989	147	184	1665
PROVEAN_VAR_creation.ipynb	Ssym_ProteinMPNNTesting_V6_V2.ipynb	0.0841	0.7989	147	184	1710
PROVEAN_VAR_creation.ipynb	ProteinMPNNTesting_V4.ipynb	0.0957	0.7935	146	184	1487
Quick_Dirty_MPNN_ML.ipynb	Quick_Dirty_MPNN_ML_V2_V2.ipynb	0.5540	0.7904	426	539	656
ProteinMPNNTesting_V7.ipynb	S669_ProteinMPNNTesting_V3.ipynb	0.4816	0.7898	432	547	782
ProteinMPNNTesting_V2.ipynb	ProteinMPNNTesting_V7.ipynb	0.4784	0.7898	432	788	547
ProteinMPNNTesting_V7.ipynb	Ssym_ProteinMPNNTesting_V3.ipynb	0.4680	0.7898	432	547	808
Quick_Dirty_MPNN_ML_V2.ipynb	Quick_Dirty_MPNN_ML_V2_V2.ipynb	0.6487	0.7881	517	658	656
PROVEAN_VAR_creation.ipynb	Ssym_ProteinMPNNTesting_V6.ipynb	0.0844	0.7880	145	184	1680
PROVEAN_VAR_creation.ipynb	Preparing_Fasta_Files_For_PROVEAN.ipynb	0.2626	0.7879	52	184	66
Preparing_Fasta_Files_For_PROVEAN.ipynb	Quick_Dirty_MPNN_ML.ipynb	0.0940	0.7879	52	66	539
Preparing_Fasta_Files_For_PROVEAN.ipynb	Quick_Dirty_MPNN_ML_V2.ipynb	0.0774	0.7879	52	66	658
ProteinMPNNTesting.ipynb	ProteinMPNNTesting_V7.ipynb	0.4241	0.7861	430	897	547
PROVEAN_VAR_creation.ipynb	S669_ProteinMPNNTesting_V6_V2.ipynb	0.0831	0.7826	144	184	1693
Preparing_Fasta_Files_For_PROVEAN.ipynb	Quick_Dirty_MPNN_ML_V2_V3.ipynb	0.0628	0.7727	51	66	797
Preparing_Fasta_Files_For_PROVEAN.ipynb	Quick_Dirty_MPNN_ML_V2_VGRAPHS_V1.ipynb	0.0628	0.7727	51	66	797
PROVEAN_VAR_creation.ipynb	ProteinMPNNTesting.ipynb	0.1512	0.7717	142	184	897
PROVEAN_VAR_creation.ipynb	S669_ProteinMPNNTesting_V6.ipynb	0.0832	0.7663	141	184	1652
Quick_Dirty_MPNN_ML_V2_V2.ipynb	Quick_Dirty_MPNN_ML_V2_V3.ipynb	0.5247	0.7622	500	656	797
Quick_Dirty_MPNN_ML_V2_V2.ipynb	Quick_Dirty_MPNN_ML_V2_VGRAPHS_V1.ipynb	0.5247	0.7622	500	656	797
Preparing_Fasta_Files_For_PROVEAN.ipynb	Quick_Dirty_MPNN_ML_V2_V2.ipynb	0.0744	0.7576	50	66	656
PROVEAN_VAR_creation.ipynb	ProteinMPNNTesting_V3.ipynb	0.1577	0.7500	138	184	829
PROVEAN_VAR_creation.ipynb	ProteinMPNNTesting_V2.ipynb	0.1641	0.7446	137	184	788
PROVEAN_VAR_creation.ipynb	Ssym_ProteinMPNNTesting_V3.ipynb	0.1589	0.7391	136	184	808
Quick_Dirty_MPNN_ML.ipynb	Quick_Dirty_MPNN_ML_V2_V3.ipynb	0.3917	0.6976	376	539	797
Quick_Dirty_MPNN_ML.ipynb	Quick_Dirty_MPNN_ML_V2_VGRAPHS_V1.ipynb	0.3917	0.6976	376	539	797
Ssym_ProteinMPNNTesting_V6.ipynb	proteinmpnn_quickdemo.ipynb	0.2327	0.6971	435	1680	624
PROVEAN_VAR_creation.ipynb	S669_ProteinMPNNTesting_V3.ipynb	0.1527	0.6957	128	184	782
S669_ProteinMPNNTesting_V6.ipynb	proteinmpnn_quickdemo.ipynb	0.2356	0.6955	434	1652	624
ProteinMPNNTesting_V6.ipynb	proteinmpnn_quickdemo.ipynb	0.2333	0.6939	433	1665	624
Ssym_ProteinMPNNTesting_V6_V2.ipynb	proteinmpnn_quickdemo.ipynb	0.2278	0.6939	433	1710	624
S669_ProteinMPNNTesting_V6_V2.ipynb	proteinmpnn_quickdemo.ipynb	0.2292	0.6923	432	1693	624
ProteinMPNNTesting_V6_V2.ipynb	proteinmpnn_quickdemo.ipynb	0.2275	0.6923	432	1707	624
ProteinMPNNTesting_V6_V2_debug.ipynb	proteinmpnn_quickdemo.ipynb	0.2311	0.6891	430	1667	624
ProteinMPNNTesting_V5.ipynb	proteinmpnn_quickdemo.ipynb	0.2414	0.6827	426	1567	624
ProteinMPNNTesting_V4.ipynb	proteinmpnn_quickdemo.ipynb	0.2476	0.6715	419	1487	624
PyRun_Notebook_V16 (1).ipynb	Untitled1.ipynb	0.0157	0.6562	21	1328	32
PyRun_Notebook_V16.ipynb	Untitled1.ipynb	0.0157	0.6562	21	1328	32
PyRun_Notebook_V16_new_colab.ipynb	Untitled1.ipynb	0.0157	0.6562	21	1329	32
ProteinMPNNTesting_V4.ipynb	Untitled1.ipynb	0.0140	0.6562	21	1487	32
ProteinMPNNTesting_V5.ipynb	Untitled1.ipynb	0.0133	0.6562	21	1567	32
S669_ProteinMPNNTesting_V6.ipynb	Untitled1.ipynb	0.0126	0.6562	21	1652	32
ProteinMPNNTesting_V6.ipynb	Untitled1.ipynb	0.0125	0.6562	21	1665	32
ProteinMPNNTesting_V6_V2_debug.ipynb	Untitled1.ipynb	0.0125	0.6562	21	1667	32
Ssym_ProteinMPNNTesting_V6.ipynb	Untitled1.ipynb	0.0124	0.6562	21	1680	32
S669_ProteinMPNNTesting_V6_V2.ipynb	Untitled1.ipynb	0.0123	0.6562	21	1693	32
ProteinMPNNTesting_V6_V2.ipynb	Untitled1.ipynb	0.0122	0.6562	21	1707	32
Ssym_ProteinMPNNTesting_V6_V2.ipynb	Untitled1.ipynb	0.0122	0.6562	21	1710	32
Quick_Dirty_MPNN_ML_V2.ipynb	Quick_Dirty_MPNN_ML_V2_V3.ipynb	0.4113	0.6444	424	658	797
Quick_Dirty_MPNN_ML_V2.ipynb	Quick_Dirty_MPNN_ML_V2_VGRAPHS_V1.ipynb	0.4113	0.6444	424	658	797
ProteinMPNNTesting.ipynb	Untitled1.ipynb	0.0220	0.6250	20	897	32
Quick_Dirty_MPNN_ML.ipynb	Ssym_ProteinMPNNTesting_V6_V2.ipynb	0.1756	0.6234	336	539	1710
Quick_Dirty_MPNN_ML.ipynb	S669_ProteinMPNNTesting_V6_V2.ipynb	0.1754	0.6178	333	539	1693
ProteinMPNNTesting_V6_V2.ipynb	Quick_Dirty_MPNN_ML.ipynb	0.1741	0.6178	333	1707	539
Quick_Dirty_MPNN_ML.ipynb	Ssym_ProteinMPNNTesting_V6.ipynb	0.1735	0.6085	328	539	1680
ProteinMPNNTesting_V6_V2_debug.ipynb	Quick_Dirty_MPNN_ML.ipynb	0.1728	0.6030	325	1667	539
ProteinMPNNTesting_V6.ipynb	Quick_Dirty_MPNN_ML.ipynb	0.1705	0.5955	321	1665	539
Quick_Dirty_MPNN_ML.ipynb	S669_ProteinMPNNTesting_V6.ipynb	0.1710	0.5937	320	539	1652
ProteinMPNNTesting_V6_V2.ipynb	Quick_Dirty_MPNN_ML_V2_V2.ipynb	0.1971	0.5930	389	1707	656
Quick_Dirty_MPNN_ML_V2_V2.ipynb	Ssym_ProteinMPNNTesting_V6_V2.ipynb	0.1968	0.5930	389	656	1710
PROVEAN_VAR_creation.ipynb	ProteinMPNNTesting_V7.ipynb	0.1752	0.5924	109	184	547
Quick_Dirty_MPNN_ML_V2_V2.ipynb	S669_ProteinMPNNTesting_V6_V2.ipynb	0.1972	0.5899	387	656	1693
Quick_Dirty_MPNN_ML_V2.ipynb	Ssym_ProteinMPNNTesting_V6.ipynb	0.1965	0.5836	384	658	1680
ProteinMPNNTesting_V7.ipynb	PyRun_Notebook_V16_new_colab.ipynb	0.2018	0.5759	315	547	1329
ProteinMPNNTesting_V7.ipynb	PyRun_Notebook_V16 (1).ipynb	0.2012	0.5740	314	547	1328
ProteinMPNNTesting_V7.ipynb	PyRun_Notebook_V16.ipynb	0.2012	0.5740	314	547	1328
Quick_Dirty_MPNN_ML_V2_V2.ipynb	Ssym_ProteinMPNNTesting_V6.ipynb	0.1918	0.5732	376	656	1680
ProteinMPNNTesting_V6.ipynb	Quick_Dirty_MPNN_ML_V2.ipynb	0.1937	0.5729	377	1665	658
Quick_Dirty_MPNN_ML_V2.ipynb	S669_ProteinMPNNTesting_V6.ipynb	0.1944	0.5714	376	658	1652
ProteinMPNNTesting_V5.ipynb	Quick_Dirty_MPNN_ML.ipynb	0.1713	0.5714	308	1567	539
ProteinMPNNTesting_V6.ipynb	Quick_Dirty_MPNN_ML_V2_V2.ipynb	0.1896	0.5640	370	1665	656
ProteinMPNNTesting_V6_V2_debug.ipynb	Quick_Dirty_MPNN_ML_V2_V2.ipynb	0.1895	0.5640	370	1667	656
ProteinMPNNTesting_V6_V2.ipynb	Quick_Dirty_MPNN_ML_V2.ipynb	0.1861	0.5638	371	1707	658
Quick_Dirty_MPNN_ML_V2.ipynb	Ssym_ProteinMPNNTesting_V6_V2.ipynb	0.1858	0.5638	371	658	1710
Quick_Dirty_MPNN_ML_V2_V2.ipynb	S669_ProteinMPNNTesting_V6.ipynb	0.1903	0.5625	369	656	1652
Quick_Dirty_MPNN_ML_V2.ipynb	S669_ProteinMPNNTesting_V6_V2.ipynb	0.1856	0.5593	368	658	1693
PROVEAN_VAR_creation.ipynb	Quick_Dirty_MPNN_ML_V2_V3.ipynb	0.1160	0.5543	102	184	797
PROVEAN_VAR_creation.ipynb	Quick_Dirty_MPNN_ML_V2_VGRAPHS_V1.ipynb	0.1160	0.5543	102	184	797
ProteinMPNNTesting_V6_V2_debug.ipynb	Quick_Dirty_MPNN_ML_V2.ipynb	0.1850	0.5517	363	1667	658
ProteinMPNNTesting_V5.ipynb	Quick_Dirty_MPNN_ML_V2.ipynb	0.1943	0.5502	362	1567	658
ProteinMPNNTesting_V4.ipynb	Quick_Dirty_MPNN_ML.ipynb	0.1704	0.5473	295	1487	539
ProteinMPNNTesting_V7.ipynb	Quick_Dirty_MPNN_ML_V2_V3.ipynb	0.2824	0.5411	296	547	797
ProteinMPNNTesting_V7.ipynb	Quick_Dirty_MPNN_ML_V2_VGRAPHS_V1.ipynb	0.2824	0.5411	296	547	797
ProteinMPNNTesting.ipynb	proteinmpnn_quickdemo.ipynb	0.2825	0.5369	335	897	624
ProteinMPNNTesting_V7.ipynb	Quick_Dirty_MPNN_ML_V2.ipynb	0.3213	0.5356	293	547	658
ProteinMPNNTesting_V5.ipynb	Quick_Dirty_MPNN_ML_V2_V2.ipynb	0.1875	0.5351	351	1567	656
PROVEAN_VAR_creation.ipynb	Quick_Dirty_MPNN_ML_V2.ipynb	0.1317	0.5326	98	184	658
Ssym_ProteinMPNNTesting_V3.ipynb	Untitled1.ipynb	0.0207	0.5312	17	808	32
ProteinMPNNTesting_V4.ipynb	Quick_Dirty_MPNN_ML_V2.ipynb	0.1943	0.5304	349	1487	658
PROVEAN_VAR_creation.ipynb	Quick_Dirty_MPNN_ML_V2_V2.ipynb	0.1290	0.5217	96	184	656
ProteinMPNNTesting_V4.ipynb	Quick_Dirty_MPNN_ML_V2_V2.ipynb	0.1879	0.5168	339	1487	656
PROVEAN_VAR_creation.ipynb	Quick_Dirty_MPNN_ML.ipynb	0.1513	0.5163	95	184	539
Preparing_Fasta_Files_For_PROVEAN.ipynb	proteinmpnn_quickdemo.ipynb	0.0518	0.5152	34	66	624
ProteinMPNNTesting_V3.ipynb	proteinmpnn_quickdemo.ipynb	0.2768	0.5048	315	829	624
Ssym_ProteinMPNNTesting_V3.ipynb	proteinmpnn_quickdemo.ipynb	0.2809	0.5032	314	808	624
Quick_Dirty_MPNN_ML_V2_V3.ipynb	Ssym_ProteinMPNNTesting_V6.ipynb	0.1932	0.5031	401	797	1680
Quick_Dirty_MPNN_ML_V2_VGRAPHS_V1.ipynb	Ssym_ProteinMPNNTesting_V6.ipynb	0.1932	0.5031	401	797	1680
S669_ProteinMPNNTesting_V3.ipynb	Untitled1.ipynb	0.0201	0.5000	16	782	32
ProteinMPNNTesting_V2.ipynb	Untitled1.ipynb	0.0199	0.5000	16	788	32
ProteinMPNNTesting_V3.ipynb	Untitled1.ipynb	0.0189	0.5000	16	829	32
ProteinMPNNTesting_V7.ipynb	Quick_Dirty_MPNN_ML_V2_V2.ipynb	0.2922	0.4973	272	547	656
ProteinMPNNTesting.ipynb	Quick_Dirty_MPNN_ML.ipynb	0.2295	0.4972	268	897	539
ProteinMPNNTesting_V2.ipynb	proteinmpnn_quickdemo.ipynb	0.2801	0.4952	309	788	624
ProteinMPNNTesting_V6.ipynb	Quick_Dirty_MPNN_ML_V2_V3.ipynb	0.1905	0.4944	394	1665	797
ProteinMPNNTesting_V6.ipynb	Quick_Dirty_MPNN_ML_V2_VGRAPHS_V1.ipynb	0.1905	0.4944	394	1665	797
Quick_Dirty_MPNN_ML_V2_V3.ipynb	Ssym_ProteinMPNNTesting_V6_V2.ipynb	0.1865	0.4944	394	797	1710
Quick_Dirty_MPNN_ML_V2_VGRAPHS_V1.ipynb	Ssym_ProteinMPNNTesting_V6_V2.ipynb	0.1865	0.4944	394	797	1710
Quick_Dirty_MPNN_ML_V2_V3.ipynb	S669_ProteinMPNNTesting_V6.ipynb	0.1911	0.4931	393	797	1652
Quick_Dirty_MPNN_ML_V2_VGRAPHS_V1.ipynb	S669_ProteinMPNNTesting_V6.ipynb	0.1911	0.4931	393	797	1652
ProteinMPNNTesting_V6_V2.ipynb	Quick_Dirty_MPNN_ML_V2_V3.ipynb	0.1862	0.4931	393	1707	797
ProteinMPNNTesting_V6_V2.ipynb	Quick_Dirty_MPNN_ML_V2_VGRAPHS_V1.ipynb	0.1862	0.4931	393	1707	797
S669_ProteinMPNNTesting_V3.ipynb	proteinmpnn_quickdemo.ipynb	0.2793	0.4920	307	782	624
Quick_Dirty_MPNN_ML_V2_V3.ipynb	S669_ProteinMPNNTesting_V6_V2.ipynb	0.1868	0.4918	392	797	1693
Quick_Dirty_MPNN_ML_V2_VGRAPHS_V1.ipynb	S669_ProteinMPNNTesting_V6_V2.ipynb	0.1868	0.4918	392	797	1693
ProteinMPNNTesting_V3.ipynb	Quick_Dirty_MPNN_ML.ipynb	0.2380	0.4879	263	829	539
ProteinMPNNTesting_V2.ipynb	PyRun_Notebook_V16_new_colab.ipynb	0.2188	0.4822	380	788	1329
ProteinMPNNTesting_V2.ipynb	PyRun_Notebook_V16 (1).ipynb	0.2182	0.4810	379	788	1328
ProteinMPNNTesting_V2.ipynb	PyRun_Notebook_V16.ipynb	0.2182	0.4810	379	788	1328
Quick_Dirty_MPNN_ML.ipynb	Ssym_ProteinMPNNTesting_V3.ipynb	0.2358	0.4768	257	539	808
PyRun_Notebook_V16_new_colab.ipynb	Ssym_ProteinMPNNTesting_V3.ipynb	0.2197	0.4765	385	1329	808
ProteinMPNNTesting.ipynb	Quick_Dirty_MPNN_ML_V2.ipynb	0.2520	0.4757	313	897	658
PyRun_Notebook_V16 (1).ipynb	Ssym_ProteinMPNNTesting_V3.ipynb	0.2192	0.4752	384	1328	808
PyRun_Notebook_V16.ipynb	Ssym_ProteinMPNNTesting_V3.ipynb	0.2192	0.4752	384	1328	808
PyRun_Notebook_V16_new_colab.ipynb	S669_ProteinMPNNTesting_V3.ipynb	0.2132	0.4744	371	1329	782
ProteinMPNNTesting_V3.ipynb	PyRun_Notebook_V16_new_colab.ipynb	0.2227	0.4741	393	829	1329
PyRun_Notebook_V16 (1).ipynb	S669_ProteinMPNNTesting_V3.ipynb	0.2126	0.4731	370	1328	782
PyRun_Notebook_V16.ipynb	S669_ProteinMPNNTesting_V3.ipynb	0.2126	0.4731	370	1328	782
ProteinMPNNTesting_V5.ipynb	Quick_Dirty_MPNN_ML_V2_V3.ipynb	0.1897	0.4730	377	1567	797
ProteinMPNNTesting_V5.ipynb	Quick_Dirty_MPNN_ML_V2_VGRAPHS_V1.ipynb	0.1897	0.4730	377	1567	797
ProteinMPNNTesting_V3.ipynb	PyRun_Notebook_V16 (1).ipynb	0.2221	0.4729	392	829	1328
ProteinMPNNTesting_V3.ipynb	PyRun_Notebook_V16.ipynb	0.2221	0.4729	392	829	1328
ProteinMPNNTesting_V7.ipynb	Quick_Dirty_MPNN_ML.ipynb	0.3053	0.4712	254	547	539
ProteinMPNNTesting_V2.ipynb	Quick_Dirty_MPNN_ML.ipynb	0.2356	0.4694	253	788	539
ProteinMPNNTesting_V6_V2_debug.ipynb	Quick_Dirty_MPNN_ML_V2_V3.ipynb	0.1789	0.4693	374	1667	797
ProteinMPNNTesting_V6_V2_debug.ipynb	Quick_Dirty_MPNN_ML_V2_VGRAPHS_V1.ipynb	0.1789	0.4693	374	1667	797
Quick_Dirty_MPNN_ML.ipynb	S669_ProteinMPNNTesting_V3.ipynb	0.2357	0.4675	252	539	782
ProteinMPNNTesting_V3.ipynb	Quick_Dirty_MPNN_ML_V2.ipynb	0.2559	0.4605	303	829	658
ProteinMPNNTesting_V4.ipynb	Quick_Dirty_MPNN_ML_V2_V3.ipynb	0.1908	0.4592	366	1487	797
ProteinMPNNTesting_V4.ipynb	Quick_Dirty_MPNN_ML_V2_VGRAPHS_V1.ipynb	0.1908	0.4592	366	1487	797
ProteinMPNNTesting.ipynb	PyRun_Notebook_V16_new_colab.ipynb	0.2264	0.4582	411	897	1329
ProteinMPNNTesting.ipynb	PyRun_Notebook_V16 (1).ipynb	0.2259	0.4571	410	897	1328
ProteinMPNNTesting.ipynb	PyRun_Notebook_V16.ipynb	0.2259	0.4571	410	897	1328
PyRun_Notebook_V16 (1).ipynb	Quick_Dirty_MPNN_ML.ipynb	0.1503	0.4527	244	1328	539
PyRun_Notebook_V16.ipynb	Quick_Dirty_MPNN_ML.ipynb	0.1503	0.4527	244	1328	539
PyRun_Notebook_V16_new_colab.ipynb	Quick_Dirty_MPNN_ML.ipynb	0.1502	0.4527	244	1329	539
Quick_Dirty_MPNN_ML_V2.ipynb	Ssym_ProteinMPNNTesting_V3.ipynb	0.2530	0.4498	296	658	808
ProteinMPNNTesting_V2.ipynb	Quick_Dirty_MPNN_ML_V2.ipynb	0.2530	0.4438	292	788	658
Quick_Dirty_MPNN_ML_V2.ipynb	S669_ProteinMPNNTesting_V3.ipynb	0.2533	0.4422	291	658	782
PyRun_Notebook_V16 (1).ipynb	Quick_Dirty_MPNN_ML_V2.ipynb	0.1675	0.4331	285	1328	658
PyRun_Notebook_V16.ipynb	Quick_Dirty_MPNN_ML_V2.ipynb	0.1675	0.4331	285	1328	658
PyRun_Notebook_V16_new_colab.ipynb	Quick_Dirty_MPNN_ML_V2.ipynb	0.1675	0.4331	285	1329	658
ProteinMPNNTesting.ipynb	Quick_Dirty_MPNN_ML_V2_V2.ipynb	0.2238	0.4329	284	897	656
ProteinMPNNTesting_V3.ipynb	Quick_Dirty_MPNN_ML_V2_V2.ipynb	0.2354	0.4314	283	829	656
PyRun_Notebook_V16 (1).ipynb	Quick_Dirty_MPNN_ML_V2_V2.ipynb	0.1657	0.4299	282	1328	656
PyRun_Notebook_V16.ipynb	Quick_Dirty_MPNN_ML_V2_V2.ipynb	0.1657	0.4299	282	1328	656
PyRun_Notebook_V16_new_colab.ipynb	Quick_Dirty_MPNN_ML_V2_V2.ipynb	0.1656	0.4299	282	1329	656
PROVEAN_VAR_creation.ipynb	proteinmpnn_quickdemo.ipynb	0.1084	0.4293	79	184	624
PyRun_Notebook_V16 (1).ipynb	proteinmpnn_quickdemo.ipynb	0.1571	0.4247	265	1328	624
PyRun_Notebook_V16.ipynb	proteinmpnn_quickdemo.ipynb	0.1571	0.4247	265	1328	624
PyRun_Notebook_V16_new_colab.ipynb	proteinmpnn_quickdemo.ipynb	0.1570	0.4247	265	1329	624
PyRun_Notebook_V16_new_colab.ipynb	Ssym_ProteinMPNNTesting_V6.ipynb	0.2292	0.4221	561	1329	1680
PyRun_Notebook_V16 (1).ipynb	Ssym_ProteinMPNNTesting_V6.ipynb	0.2288	0.4217	560	1328	1680
PyRun_Notebook_V16.ipynb	Ssym_ProteinMPNNTesting_V6.ipynb	0.2288	0.4217	560	1328	1680
PyRun_Notebook_V16_new_colab.ipynb	Ssym_ProteinMPNNTesting_V6_V2.ipynb	0.2259	0.4214	560	1329	1710
PyRun_Notebook_V16 (1).ipynb	Ssym_ProteinMPNNTesting_V6_V2.ipynb	0.2255	0.4209	559	1328	1710
PyRun_Notebook_V16.ipynb	Ssym_ProteinMPNNTesting_V6_V2.ipynb	0.2255	0.4209	559	1328	1710
ProteinMPNNTesting_V6.ipynb	PyRun_Notebook_V16_new_colab.ipynb	0.2291	0.4199	558	1665	1329
ProteinMPNNTesting_V6_V2.ipynb	PyRun_Notebook_V16_new_colab.ipynb	0.2252	0.4199	558	1707	1329
ProteinMPNNTesting_V6.ipynb	PyRun_Notebook_V16 (1).ipynb	0.2287	0.4194	557	1665	1328
ProteinMPNNTesting_V6.ipynb	PyRun_Notebook_V16.ipynb	0.2287	0.4194	557	1665	1328
ProteinMPNNTesting_V6_V2.ipynb	PyRun_Notebook_V16 (1).ipynb	0.2248	0.4194	557	1707	1328
ProteinMPNNTesting_V6_V2.ipynb	PyRun_Notebook_V16.ipynb	0.2248	0.4194	557	1707	1328
PyRun_Notebook_V16_new_colab.ipynb	S669_ProteinMPNNTesting_V6_V2.ipynb	0.2255	0.4184	556	1329	1693
PyRun_Notebook_V16 (1).ipynb	S669_ProteinMPNNTesting_V6_V2.ipynb	0.2251	0.4179	555	1328	1693
PyRun_Notebook_V16.ipynb	S669_ProteinMPNNTesting_V6_V2.ipynb	0.2251	0.4179	555	1328	1693
Quick_Dirty_MPNN_ML_V2_V2.ipynb	Ssym_ProteinMPNNTesting_V3.ipynb	0.2292	0.4162	273	656	808
PyRun_Notebook_V16_new_colab.ipynb	S669_ProteinMPNNTesting_V6.ipynb	0.2273	0.4153	552	1329	1652
ProteinMPNNTesting_V6_V2_debug.ipynb	PyRun_Notebook_V16_new_colab.ipynb	0.2259	0.4153	552	1667	1329
PyRun_Notebook_V16 (1).ipynb	S669_ProteinMPNNTesting_V6.ipynb	0.2268	0.4149	551	1328	1652
PyRun_Notebook_V16.ipynb	S669_ProteinMPNNTesting_V6.ipynb	0.2268	0.4149	551	1328	1652
ProteinMPNNTesting_V6_V2_debug.ipynb	PyRun_Notebook_V16 (1).ipynb	0.2255	0.4149	551	1667	1328
ProteinMPNNTesting_V6_V2_debug.ipynb	PyRun_Notebook_V16.ipynb	0.2255	0.4149	551	1667	1328
ProteinMPNNTesting_V5.ipynb	PyRun_Notebook_V16_new_colab.ipynb	0.2323	0.4108	546	1567	1329
ProteinMPNNTesting_V5.ipynb	PyRun_Notebook_V16 (1).ipynb	0.2319	0.4104	545	1567	1328
ProteinMPNNTesting_V5.ipynb	PyRun_Notebook_V16.ipynb	0.2319	0.4104	545	1567	1328
ProteinMPNNTesting_V2.ipynb	Quick_Dirty_MPNN_ML_V2_V2.ipynb	0.2289	0.4101	269	788	656
Quick_Dirty_MPNN_ML_V2_V2.ipynb	S669_ProteinMPNNTesting_V3.ipynb	0.2280	0.4070	267	656	782
ProteinMPNNTesting_V7.ipynb	Untitled1.ipynb	0.0230	0.4062	13	547	32
Untitled1.ipynb	proteinmpnn_quickdemo.ipynb	0.0202	0.4062	13	32	624
Quick_Dirty_MPNN_ML_V2.ipynb	Untitled1.ipynb	0.0192	0.4062	13	658	32
Quick_Dirty_MPNN_ML_V2_V3.ipynb	Untitled1.ipynb	0.0159	0.4062	13	797	32
Quick_Dirty_MPNN_ML_V2_VGRAPHS_V1.ipynb	Untitled1.ipynb	0.0159	0.4062	13	797	32
ProteinMPNNTesting_V4.ipynb	PyRun_Notebook_V16_new_colab.ipynb	0.2367	0.4056	539	1487	1329
ProteinMPNNTesting_V4.ipynb	PyRun_Notebook_V16 (1).ipynb	0.2363	0.4051	538	1487	1328
ProteinMPNNTesting_V4.ipynb	PyRun_Notebook_V16.ipynb	0.2363	0.4051	538	1487	1328
ProteinMPNNTesting_V3.ipynb	Quick_Dirty_MPNN_ML_V2_V3.ipynb	0.2365	0.3902	311	829	797
ProteinMPNNTesting_V3.ipynb	Quick_Dirty_MPNN_ML_V2_VGRAPHS_V1.ipynb	0.2365	0.3902	311	829	797
Quick_Dirty_MPNN_ML_V2_V3.ipynb	Ssym_ProteinMPNNTesting_V3.ipynb	0.2346	0.3827	305	797	808
Quick_Dirty_MPNN_ML_V2_VGRAPHS_V1.ipynb	Ssym_ProteinMPNNTesting_V3.ipynb	0.2346	0.3827	305	797	808
ProteinMPNNTesting.ipynb	Quick_Dirty_MPNN_ML_V2_V3.ipynb	0.2187	0.3814	304	897	797
ProteinMPNNTesting.ipynb	Quick_Dirty_MPNN_ML_V2_VGRAPHS_V1.ipynb	0.2187	0.3814	304	897	797
ProteinMPNNTesting_V2.ipynb	Quick_Dirty_MPNN_ML_V2_V3.ipynb	0.2325	0.3794	299	788	797
ProteinMPNNTesting_V2.ipynb	Quick_Dirty_MPNN_ML_V2_VGRAPHS_V1.ipynb	0.2325	0.3794	299	788	797
Quick_Dirty_MPNN_ML_V2_V3.ipynb	S669_ProteinMPNNTesting_V3.ipynb	0.2307	0.3785	296	797	782
Quick_Dirty_MPNN_ML_V2_VGRAPHS_V1.ipynb	S669_ProteinMPNNTesting_V3.ipynb	0.2307	0.3785	296	797	782
Quick_Dirty_MPNN_ML.ipynb	Untitled1.ipynb	0.0215	0.3750	12	539	32
PyRun_Notebook_V16 (1).ipynb	Quick_Dirty_MPNN_ML_V2_V3.ipynb	0.1618	0.3714	296	1328	797
PyRun_Notebook_V16 (1).ipynb	Quick_Dirty_MPNN_ML_V2_VGRAPHS_V1.ipynb	0.1618	0.3714	296	1328	797
PyRun_Notebook_V16.ipynb	Quick_Dirty_MPNN_ML_V2_V3.ipynb	0.1618	0.3714	296	1328	797
PyRun_Notebook_V16.ipynb	Quick_Dirty_MPNN_ML_V2_VGRAPHS_V1.ipynb	0.1618	0.3714	296	1328	797
PyRun_Notebook_V16_new_colab.ipynb	Quick_Dirty_MPNN_ML_V2_V3.ipynb	0.1617	0.3714	296	1329	797
PyRun_Notebook_V16_new_colab.ipynb	Quick_Dirty_MPNN_ML_V2_VGRAPHS_V1.ipynb	0.1617	0.3714	296	1329	797
ProteinMPNNTesting_V7.ipynb	proteinmpnn_quickdemo.ipynb	0.2035	0.3620	198	547	624
Quick_Dirty_MPNN_ML_V2_V2.ipynb	Untitled1.ipynb	0.0162	0.3438	11	656	32
Quick_Dirty_MPNN_ML_V2_V2.ipynb	proteinmpnn_quickdemo.ipynb	0.1584	0.2804	175	656	624
Quick_Dirty_MPNN_ML.ipynb	proteinmpnn_quickdemo.ipynb	0.1492	0.2801	151	539	624
Quick_Dirty_MPNN_ML_V2.ipynb	proteinmpnn_quickdemo.ipynb	0.1560	0.2772	173	658	624
Quick_Dirty_MPNN_ML_V2_V3.ipynb	proteinmpnn_quickdemo.ipynb	0.1386	0.2772	173	797	624
Quick_Dirty_MPNN_ML_V2_VGRAPHS_V1.ipynb	proteinmpnn_quickdemo.ipynb	0.1386	0.2772	173	797	624
PROVEAN_VAR_creation.ipynb	Untitled1.ipynb	0.0286	0.1875	6	184	32
Preparing_Fasta_Files_For_PROVEAN.ipynb	Untitled1.ipynb	0.0426	0.1250	4	66	32
