notebook	mention_type	mention	cell_index
ProteinMPNNTesting.ipynb	dataset	PremPS	
ProteinMPNNTesting.ipynb	dataset	S2648	
ProteinMPNNTesting.ipynb	dataset	S_2648	
ProteinMPNNTesting.ipynb	dataset	Ssym	
ProteinMPNNTesting.ipynb	artifact	https://raw.githubusercontent.com/SajidAhmeduiu/PremPS/main/Datasets/S2648/S2648.txt	
ProteinMPNNTesting.ipynb	artifact	res_dict.pickle	
ProteinMPNNTesting.ipynb	artifact	{chain}.pdb	
ProteinMPNNTesting.ipynb	hardcoded_path	/content/drive	
ProteinMPNNTesting.ipynb	hardcoded_path	/content/drive/MyDrive/ACCRE_PyRun_Setup/S_2648_PDB_Files	
ProteinMPNNTesting.ipynb	hardcoded_path	/content/drive/MyDrive/ACCRE_PyRun_Setup/S_2648_pssm_dir	
ProteinMPNNTesting.ipynb	hardcoded_path	/content/drive/MyDrive/Colab_Installations_V2	
ProteinMPNNTesting.ipynb	hardcoded_path	/content/drive/MyDrive/Protein_MPNN_Digging	
ProteinMPNNTesting.ipynb	hardcoded_path	/content/drive/MyDrive/Protein_MPNN_Digging/ProteinMPNN/vanilla_proteinmpnn	
ProteinMPNNTesting.ipynb	hardcoded_path	/content/drive/MyDrive/S_2648_Output_Files	
ProteinMPNNTesting_V2.ipynb	dataset	PremPS	
ProteinMPNNTesting_V2.ipynb	dataset	S2648	
ProteinMPNNTesting_V2.ipynb	dataset	S_2648	
ProteinMPNNTesting_V2.ipynb	dataset	Ssym	
ProteinMPNNTesting_V2.ipynb	artifact	1rtpA.pdb	
ProteinMPNNTesting_V2.ipynb	artifact	https://raw.githubusercontent.com/SajidAhmeduiu/PremPS/main/Datasets/S2648/S2648.txt	
ProteinMPNNTesting_V2.ipynb	artifact	res_dict.pickle	
ProteinMPNNTesting_V2.ipynb	hardcoded_path	/content/drive	
ProteinMPNNTesting_V2.ipynb	hardcoded_path	/content/drive/MyDrive/ACCRE_PyRun_Setup/S_2648_PDB_Files	
ProteinMPNNTesting_V2.ipynb	hardcoded_path	/content/drive/MyDrive/ACCRE_PyRun_Setup/S_2648_pssm_dir	
ProteinMPNNTesting_V2.ipynb	hardcoded_path	/content/drive/MyDrive/Colab_Installations_V2	
ProteinMPNNTesting_V2.ipynb	hardcoded_path	/content/drive/MyDrive/Protein_MPNN_Digging	
ProteinMPNNTesting_V2.ipynb	hardcoded_path	/content/drive/MyDrive/Protein_MPNN_Digging/ProteinMPNN/vanilla_proteinmpnn	
ProteinMPNNTesting_V4.ipynb	dataset	PremPS	
ProteinMPNNTesting_V4.ipynb	dataset	S2648	
ProteinMPNNTesting_V4.ipynb	dataset	S_2648	
ProteinMPNNTesting_V4.ipynb	dataset	Ssym	
ProteinMPNNTesting_V4.ipynb	artifact	1rtpA.pdb	
ProteinMPNNTesting_V4.ipynb	artifact	dat.xlsx	
ProteinMPNNTesting_V4.ipynb	artifact	https://raw.githubusercontent.com/SajidAhmeduiu/PremPS/main/Datasets/S2648/S2648.txt	
ProteinMPNNTesting_V4.ipynb	artifact	res_dict.pickle	
ProteinMPNNTesting_V4.ipynb	hardcoded_path	/content/drive	
ProteinMPNNTesting_V4.ipynb	hardcoded_path	/content/drive/MyDrive/ACCRE_PyRun_Setup/S_2648_PDB_Files	
ProteinMPNNTesting_V4.ipynb	hardcoded_path	/content/drive/MyDrive/ACCRE_PyRun_Setup/S_2648_pssm_dir	
ProteinMPNNTesting_V4.ipynb	hardcoded_path	/content/drive/MyDrive/Colab_Installations_V2	
ProteinMPNNTesting_V4.ipynb	hardcoded_path	/content/drive/MyDrive/Protein_MPNN_Digging	
ProteinMPNNTesting_V4.ipynb	hardcoded_path	/content/drive/MyDrive/Protein_MPNN_Digging/ProteinMPNN/vanilla_proteinmpnn	
ProteinMPNNTesting_V5.ipynb	dataset	PremPS	
ProteinMPNNTesting_V5.ipynb	dataset	S2648	
ProteinMPNNTesting_V5.ipynb	dataset	S_2648	
ProteinMPNNTesting_V5.ipynb	dataset	Ssym	
ProteinMPNNTesting_V5.ipynb	artifact	1rtpA.pdb	
ProteinMPNNTesting_V5.ipynb	artifact	dat.xlsx	
ProteinMPNNTesting_V5.ipynb	artifact	https://raw.githubusercontent.com/SajidAhmeduiu/PremPS/main/Datasets/S2648/S2648.txt	
ProteinMPNNTesting_V5.ipynb	artifact	res_dict.pickle	
ProteinMPNNTesting_V5.ipynb	hardcoded_path	/content/drive	
ProteinMPNNTesting_V5.ipynb	hardcoded_path	/content/drive/MyDrive/ACCRE_PyRun_Setup/S_2648_PDB_Files	
ProteinMPNNTesting_V5.ipynb	hardcoded_path	/content/drive/MyDrive/ACCRE_PyRun_Setup/S_2648_pssm_dir	
ProteinMPNNTesting_V5.ipynb	hardcoded_path	/content/drive/MyDrive/Colab_Installations_V2	
ProteinMPNNTesting_V5.ipynb	hardcoded_path	/content/drive/MyDrive/Protein_MPNN_Digging	
ProteinMPNNTesting_V5.ipynb	hardcoded_path	/content/drive/MyDrive/Protein_MPNN_Digging/ProteinMPNN/vanilla_proteinmpnn	
ProteinMPNNTesting_V6.ipynb	dataset	PremPS	
ProteinMPNNTesting_V6.ipynb	dataset	S921	
ProteinMPNNTesting_V6.ipynb	dataset	S_2648	
ProteinMPNNTesting_V6.ipynb	dataset	S_921	
ProteinMPNNTesting_V6.ipynb	dataset	Ssym	
ProteinMPNNTesting_V6.ipynb	artifact	1rtpA.pdb	
ProteinMPNNTesting_V6.ipynb	artifact	S_921_full_feature_dict.pickle	
ProteinMPNNTesting_V6.ipynb	artifact	S_921_pmppn_info_dict.pickle	
ProteinMPNNTesting_V6.ipynb	artifact	dat.xlsx	
ProteinMPNNTesting_V6.ipynb	artifact	https://raw.githubusercontent.com/SajidAhmeduiu/PremPS/main/Datasets/S921/S921.txt	
ProteinMPNNTesting_V6.ipynb	hardcoded_path	/content/drive	
ProteinMPNNTesting_V6.ipynb	hardcoded_path	/content/drive/MyDrive/ACCRE_PyRun_Setup/S_921_PDB_Files	
ProteinMPNNTesting_V6.ipynb	hardcoded_path	/content/drive/MyDrive/ACCRE_PyRun_Setup/S_921_pssm_dir	
ProteinMPNNTesting_V6.ipynb	hardcoded_path	/content/drive/MyDrive/Colab_Installations_V2	
ProteinMPNNTesting_V6.ipynb	hardcoded_path	/content/drive/MyDrive/Protein_MPNN_Digging	
ProteinMPNNTesting_V6.ipynb	hardcoded_path	/content/drive/MyDrive/Protein_MPNN_Digging/ProteinMPNN/vanilla_proteinmpnn	
ProteinMPNNTesting_V6_V2.ipynb	dataset	PremPS	
ProteinMPNNTesting_V6_V2.ipynb	dataset	S2648	
ProteinMPNNTesting_V6_V2.ipynb	dataset	S_2648	
ProteinMPNNTesting_V6_V2.ipynb	dataset	Ssym	
ProteinMPNNTesting_V6_V2.ipynb	artifact	1rtpA.pdb	
ProteinMPNNTesting_V6_V2.ipynb	artifact	S_2648_pmppn_info_dict_V2.pickle	
ProteinMPNNTesting_V6_V2.ipynb	artifact	S_2648_pmppn_info_dict_V3.pickle	
ProteinMPNNTesting_V6_V2.ipynb	artifact	https://raw.githubusercontent.com/SajidAhmeduiu/PremPS/main/Datasets/S2648/S2648.txt	
ProteinMPNNTesting_V6_V2.ipynb	hardcoded_path	/content/drive	
ProteinMPNNTesting_V6_V2.ipynb	hardcoded_path	/content/drive/MyDrive/ACCRE_PyRun_Setup/S_2648_PDB_Files	
ProteinMPNNTesting_V6_V2.ipynb	hardcoded_path	/content/drive/MyDrive/ACCRE_PyRun_Setup/S_2648_pssm_dir	
ProteinMPNNTesting_V6_V2.ipynb	hardcoded_path	/content/drive/MyDrive/Colab_Installations_V2	
ProteinMPNNTesting_V6_V2.ipynb	hardcoded_path	/content/drive/MyDrive/Protein_MPNN_Digging	
ProteinMPNNTesting_V6_V2.ipynb	hardcoded_path	/content/drive/MyDrive/Protein_MPNN_Digging/ProteinMPNN/vanilla_proteinmpnn	
Quick_Dirty_MPNN_ML.ipynb	dataset	S_2648	
Quick_Dirty_MPNN_ML.ipynb	dataset	S_669	
Quick_Dirty_MPNN_ML.ipynb	dataset	S_921	
Quick_Dirty_MPNN_ML.ipynb	dataset	Ssym	
Quick_Dirty_MPNN_ML.ipynb	artifact	S_2648_full_feature_dict.pickle	
Quick_Dirty_MPNN_ML.ipynb	artifact	S_669_full_feature_dict.pickle	
Quick_Dirty_MPNN_ML.ipynb	artifact	S_921_full_feature_dict.pickle	
Quick_Dirty_MPNN_ML.ipynb	artifact	Ssym_full_feature_dict.pickle	
Quick_Dirty_MPNN_ML.ipynb	hardcoded_path	/content/drive	
Quick_Dirty_MPNN_ML.ipynb	hardcoded_path	/content/drive/MyDrive/ACCRE_PyRun_Setup/{name}_PDB_Files	
Quick_Dirty_MPNN_ML.ipynb	hardcoded_path	/content/drive/MyDrive/Colab_Installations_V2	
Quick_Dirty_MPNN_ML.ipynb	hardcoded_path	/content/drive/MyDrive/Protein_MPNN_Digging	
Quick_Dirty_MPNN_ML.ipynb	hardcoded_path	/content/drive/MyDrive/Protein_MPNN_Digging/ProteinMPNN/vanilla_proteinmpnn	
Quick_Dirty_MPNN_ML_V2.ipynb	dataset	S_2648	
Quick_Dirty_MPNN_ML_V2.ipynb	dataset	S_669	
Quick_Dirty_MPNN_ML_V2.ipynb	dataset	S_921	
Quick_Dirty_MPNN_ML_V2.ipynb	dataset	Ssym	
Quick_Dirty_MPNN_ML_V2.ipynb	artifact	S_2648_full_feature_dict.pickle	
Quick_Dirty_MPNN_ML_V2.ipynb	artifact	S_669_full_feature_dict.pickle	
Quick_Dirty_MPNN_ML_V2.ipynb	artifact	S_921_full_feature_dict.pickle	
Quick_Dirty_MPNN_ML_V2.ipynb	artifact	Ssym_full_feature_dict.pickle	
Quick_Dirty_MPNN_ML_V2.ipynb	artifact	feature_combo_model_dict.pickle	
Quick_Dirty_MPNN_ML_V2.ipynb	artifact	feature_combo_result_dict.pickle	
Quick_Dirty_MPNN_ML_V2.ipynb	hardcoded_path	/content/drive	
Quick_Dirty_MPNN_ML_V2.ipynb	hardcoded_path	/content/drive/MyDrive/ACCRE_PyRun_Setup/{name}_PDB_Files	
Quick_Dirty_MPNN_ML_V2.ipynb	hardcoded_path	/content/drive/MyDrive/Colab_Installations_V2	
Quick_Dirty_MPNN_ML_V2.ipynb	hardcoded_path	/content/drive/MyDrive/Protein_MPNN_Digging	
Quick_Dirty_MPNN_ML_V2.ipynb	hardcoded_path	/content/drive/MyDrive/Protein_MPNN_Digging/ProteinMPNN/vanilla_proteinmpnn	
Quick_Dirty_MPNN_ML_V2_V2.ipynb	dataset	S2648	
Quick_Dirty_MPNN_ML_V2_V2.ipynb	dataset	S669	
Quick_Dirty_MPNN_ML_V2_V2.ipynb	dataset	S921	
Quick_Dirty_MPNN_ML_V2_V2.ipynb	dataset	S_2648	
Quick_Dirty_MPNN_ML_V2_V2.ipynb	dataset	S_669	
Quick_Dirty_MPNN_ML_V2_V2.ipynb	dataset	S_921	
Quick_Dirty_MPNN_ML_V2_V2.ipynb	dataset	Ssym	
Quick_Dirty_MPNN_ML_V2_V2.ipynb	artifact	S_2648_pmppn_info_dict_V2.pickle	
Quick_Dirty_MPNN_ML_V2_V2.ipynb	artifact	S_669_feature_combo_model_dict.pickle	
Quick_Dirty_MPNN_ML_V2_V2.ipynb	artifact	S_669_feature_combo_result_dict.pickle	
Quick_Dirty_MPNN_ML_V2_V2.ipynb	artifact	S_669_pmppn_info_dict_V2.pickle	
Quick_Dirty_MPNN_ML_V2_V2.ipynb	artifact	S_921_pmppn_info_dict_V2.pickle	
Quick_Dirty_MPNN_ML_V2_V2.ipynb	artifact	Ssym_pmppn_info_dict_V2.pickle	
Quick_Dirty_MPNN_ML_V2_V2.ipynb	artifact	feature_combo_model_dict.pickle	
Quick_Dirty_MPNN_ML_V2_V2.ipynb	artifact	feature_combo_result_dict.pickle	
Quick_Dirty_MPNN_ML_V2_V2.ipynb	hardcoded_path	/content/drive	
Quick_Dirty_MPNN_ML_V2_V2.ipynb	hardcoded_path	/content/drive/MyDrive/ACCRE_PyRun_Setup/{name}_PDB_Files	
Quick_Dirty_MPNN_ML_V2_V2.ipynb	hardcoded_path	/content/drive/MyDrive/Colab_Installations_V2	
Quick_Dirty_MPNN_ML_V2_V2.ipynb	hardcoded_path	/content/drive/MyDrive/Protein_MPNN_Digging	
Quick_Dirty_MPNN_ML_V2_V2.ipynb	hardcoded_path	/content/drive/MyDrive/Protein_MPNN_Digging/ProteinMPNN/vanilla_proteinmpnn	
Quick_Dirty_MPNN_ML_V2_V3.ipynb	dataset	S_2648	
Quick_Dirty_MPNN_ML_V2_V3.ipynb	dataset	S_669	
Quick_Dirty_MPNN_ML_V2_V3.ipynb	dataset	S_921	
Quick_Dirty_MPNN_ML_V2_V3.ipynb	dataset	Ssym	
Quick_Dirty_MPNN_ML_V2_V3.ipynb	artifact	Feature-Feature_Correlation.png	
Quick_Dirty_MPNN_ML_V2_V3.ipynb	artifact	S_2648_pmppn_info_dict_V3.pickle	
Quick_Dirty_MPNN_ML_V2_V3.ipynb	artifact	S_669_pmppn_info_dict_V2.pickle	
Quick_Dirty_MPNN_ML_V2_V3.ipynb	artifact	S_669_pmppn_info_dict_V3.pickle	
Quick_Dirty_MPNN_ML_V2_V3.ipynb	artifact	S_921_pmppn_info_dict_V3.pickle	
Quick_Dirty_MPNN_ML_V2_V3.ipynb	artifact	Ssym_pmppn_info_dict_V3.pickle	
Quick_Dirty_MPNN_ML_V2_V3.ipynb	artifact	incremental_feature_result_dict.pickle	
Quick_Dirty_MPNN_ML_V2_V3.ipynb	artifact	list_incremental_feature_result_dict.pickle	
Quick_Dirty_MPNN_ML_V2_V3.ipynb	hardcoded_path	/content/drive	
Quick_Dirty_MPNN_ML_V2_V3.ipynb	hardcoded_path	/content/drive/MyDrive/ACCRE_PyRun_Setup/{name}_PDB_Files	
Quick_Dirty_MPNN_ML_V2_V3.ipynb	hardcoded_path	/content/drive/MyDrive/Colab_Installations_V2	
Quick_Dirty_MPNN_ML_V2_V3.ipynb	hardcoded_path	/content/drive/MyDrive/Protein_MPNN_Digging	
Quick_Dirty_MPNN_ML_V2_V3.ipynb	hardcoded_path	/content/drive/MyDrive/Protein_MPNN_Digging/ProteinMPNN/vanilla_proteinmpnn	
Quick_Dirty_MPNN_ML_V2_V4.ipynb	dataset	S_2648	
Quick_Dirty_MPNN_ML_V2_V4.ipynb	dataset	S_669	
Quick_Dirty_MPNN_ML_V2_V4.ipynb	dataset	S_921	
Quick_Dirty_MPNN_ML_V2_V4.ipynb	dataset	Ssym	
Quick_Dirty_MPNN_ML_V2_V4.ipynb	artifact	Feature-Feature_Correlation.png	
Quick_Dirty_MPNN_ML_V2_V4.ipynb	artifact	S_2648_pmppn_info_dict_V3.pickle	
Quick_Dirty_MPNN_ML_V2_V4.ipynb	artifact	S_669_pmppn_info_dict_V2.pickle	
Quick_Dirty_MPNN_ML_V2_V4.ipynb	artifact	S_669_pmppn_info_dict_V3.pickle	
Quick_Dirty_MPNN_ML_V2_V4.ipynb	artifact	S_921_pmppn_info_dict_V3.pickle	
Quick_Dirty_MPNN_ML_V2_V4.ipynb	artifact	Ssym_pmppn_info_dict_V3.pickle	
Quick_Dirty_MPNN_ML_V2_V4.ipynb	artifact	incremental_feature_result_dict.pickle	
Quick_Dirty_MPNN_ML_V2_V4.ipynb	hardcoded_path	/content/drive	
Quick_Dirty_MPNN_ML_V2_V4.ipynb	hardcoded_path	/content/drive/MyDrive/ACCRE_PyRun_Setup/{name}_PDB_Files	
Quick_Dirty_MPNN_ML_V2_V4.ipynb	hardcoded_path	/content/drive/MyDrive/Colab_Installations_V2	
Quick_Dirty_MPNN_ML_V2_V4.ipynb	hardcoded_path	/content/drive/MyDrive/Protein_MPNN_Digging	
Quick_Dirty_MPNN_ML_V2_V4.ipynb	hardcoded_path	/content/drive/MyDrive/Protein_MPNN_Digging/ProteinMPNN/vanilla_proteinmpnn	
Quick_Dirty_MPNN_ML_V2_VGRAPHS_V1.ipynb	dataset	S_2648	
Quick_Dirty_MPNN_ML_V2_VGRAPHS_V1.ipynb	dataset	S_669	
Quick_Dirty_MPNN_ML_V2_VGRAPHS_V1.ipynb	dataset	S_921	
Quick_Dirty_MPNN_ML_V2_VGRAPHS_V1.ipynb	dataset	Ssym	
Quick_Dirty_MPNN_ML_V2_VGRAPHS_V1.ipynb	artifact	Feature-Feature_Correlation.png	
Quick_Dirty_MPNN_ML_V2_VGRAPHS_V1.ipynb	artifact	S_2648_pmppn_info_dict_V3.pickle	
Quick_Dirty_MPNN_ML_V2_VGRAPHS_V1.ipynb	artifact	S_669_pmppn_info_dict_V2.pickle	
Quick_Dirty_MPNN_ML_V2_VGRAPHS_V1.ipynb	artifact	S_669_pmppn_info_dict_V3.pickle	
Quick_Dirty_MPNN_ML_V2_VGRAPHS_V1.ipynb	artifact	S_921_pmppn_info_dict_V3.pickle	
Quick_Dirty_MPNN_ML_V2_VGRAPHS_V1.ipynb	artifact	Ssym_pmppn_info_dict_V3.pickle	
Quick_Dirty_MPNN_ML_V2_VGRAPHS_V1.ipynb	artifact	incremental_feature_result_dict.pickle	
Quick_Dirty_MPNN_ML_V2_VGRAPHS_V1.ipynb	artifact	list_incremental_feature_result_dict.pickle	
Quick_Dirty_MPNN_ML_V2_VGRAPHS_V1.ipynb	hardcoded_path	ACCRE_PyRun_Setup/{name}_PDB_Files	
S669_ProteinMPNNTesting_V3.ipynb	dataset	PremPS	
S669_ProteinMPNNTesting_V3.ipynb	dataset	S_2648	
S669_ProteinMPNNTesting_V3.ipynb	dataset	S_669	
S669_ProteinMPNNTesting_V3.ipynb	dataset	Ssym	
S669_ProteinMPNNTesting_V3.ipynb	dataset	s669	
S669_ProteinMPNNTesting_V3.ipynb	artifact	/content/drive/MyDrive/ACCRE_PyRun_Setup/Data_s669_with_predictions.csv	
S669_ProteinMPNNTesting_V3.ipynb	artifact	1rtpA.pdb	
S669_ProteinMPNNTesting_V3.ipynb	artifact	res_dict.pickle	
S669_ProteinMPNNTesting_V3.ipynb	hardcoded_path	/content/drive	
S669_ProteinMPNNTesting_V3.ipynb	hardcoded_path	/content/drive/MyDrive/ACCRE_PyRun_Setup/Data_s669_with_predictions.csv	
S669_ProteinMPNNTesting_V3.ipynb	hardcoded_path	/content/drive/MyDrive/ACCRE_PyRun_Setup/S_2648_PDB_Files	
S669_ProteinMPNNTesting_V3.ipynb	hardcoded_path	/content/drive/MyDrive/ACCRE_PyRun_Setup/S_669_PDB_Files	
S669_ProteinMPNNTesting_V3.ipynb	hardcoded_path	/content/drive/MyDrive/ACCRE_PyRun_Setup/S_669_pssm_dir	
S669_ProteinMPNNTesting_V3.ipynb	hardcoded_path	/content/drive/MyDrive/Colab_Installations_V2	
S669_ProteinMPNNTesting_V3.ipynb	hardcoded_path	/content/drive/MyDrive/Protein_MPNN_Digging	
S669_ProteinMPNNTesting_V3.ipynb	hardcoded_path	/content/drive/MyDrive/Protein_MPNN_Digging/ProteinMPNN/vanilla_proteinmpnn	
S669_ProteinMPNNTesting_V6.ipynb	dataset	PremPS	
S669_ProteinMPNNTesting_V6.ipynb	dataset	S_2648	
S669_ProteinMPNNTesting_V6.ipynb	dataset	S_669	
S669_ProteinMPNNTesting_V6.ipynb	dataset	Ssym	
S669_ProteinMPNNTesting_V6.ipynb	dataset	s669	
S669_ProteinMPNNTesting_V6.ipynb	artifact	/content/drive/MyDrive/ACCRE_PyRun_Setup/Data_s669_with_predictions.csv	
S669_ProteinMPNNTesting_V6.ipynb	artifact	1rtpA.pdb	
S669_ProteinMPNNTesting_V6.ipynb	artifact	S_669_full_feature_dict.pickle	
S669_ProteinMPNNTesting_V6.ipynb	artifact	S_669_pmppn_info_dict.pickle	
S669_ProteinMPNNTesting_V6.ipynb	hardcoded_path	/content/drive	
S669_ProteinMPNNTesting_V6.ipynb	hardcoded_path	/content/drive/MyDrive/ACCRE_PyRun_Setup/Data_s669_with_predictions.csv	
S669_ProteinMPNNTesting_V6.ipynb	hardcoded_path	/content/drive/MyDrive/ACCRE_PyRun_Setup/S_669_PDB_Files	
S669_ProteinMPNNTesting_V6.ipynb	hardcoded_path	/content/drive/MyDrive/ACCRE_PyRun_Setup/S_669_pssm_dir	
S669_ProteinMPNNTesting_V6.ipynb	hardcoded_path	/content/drive/MyDrive/Colab_Installations_V2	
S669_ProteinMPNNTesting_V6.ipynb	hardcoded_path	/content/drive/MyDrive/Protein_MPNN_Digging	
S669_ProteinMPNNTesting_V6.ipynb	hardcoded_path	/content/drive/MyDrive/Protein_MPNN_Digging/ProteinMPNN/vanilla_proteinmpnn	
S669_ProteinMPNNTesting_V6_V2.ipynb	dataset	PremPS	
S669_ProteinMPNNTesting_V6_V2.ipynb	dataset	S_2648	
S669_ProteinMPNNTesting_V6_V2.ipynb	dataset	S_669	
S669_ProteinMPNNTesting_V6_V2.ipynb	dataset	Ssym	
S669_ProteinMPNNTesting_V6_V2.ipynb	dataset	s669	
S669_ProteinMPNNTesting_V6_V2.ipynb	artifact	/content/drive/MyDrive/ACCRE_PyRun_Setup/Data_s669_with_predictions.csv	
S669_ProteinMPNNTesting_V6_V2.ipynb	artifact	1rtpA.pdb	
S669_ProteinMPNNTesting_V6_V2.ipynb	artifact	S_669_pmppn_info_dict_V2.pickle	
S669_ProteinMPNNTesting_V6_V2.ipynb	artifact	S_669_pmppn_info_dict_V3.pickle	
S669_ProteinMPNNTesting_V6_V2.ipynb	hardcoded_path	/content/drive	
S669_ProteinMPNNTesting_V6_V2.ipynb	hardcoded_path	/content/drive/MyDrive/ACCRE_PyRun_Setup/Data_s669_with_predictions.csv	
S669_ProteinMPNNTesting_V6_V2.ipynb	hardcoded_path	/content/drive/MyDrive/ACCRE_PyRun_Setup/S_669_PDB_Files	
S669_ProteinMPNNTesting_V6_V2.ipynb	hardcoded_path	/content/drive/MyDrive/ACCRE_PyRun_Setup/S_669_pssm_dir	
S669_ProteinMPNNTesting_V6_V2.ipynb	hardcoded_path	/content/drive/MyDrive/Colab_Installations_V2	
S669_ProteinMPNNTesting_V6_V2.ipynb	hardcoded_path	/content/drive/MyDrive/Protein_MPNN_Digging	
S669_ProteinMPNNTesting_V6_V2.ipynb	hardcoded_path	/content/drive/MyDrive/Protein_MPNN_Digging/ProteinMPNN/vanilla_proteinmpnn	
S921_ProteinMPNNTesting_V6_V2.ipynb	dataset	PremPS	
S921_ProteinMPNNTesting_V6_V2.ipynb	dataset	S921	
S921_ProteinMPNNTesting_V6_V2.ipynb	dataset	S_2648	
S921_ProteinMPNNTesting_V6_V2.ipynb	dataset	S_921	
S921_ProteinMPNNTesting_V6_V2.ipynb	dataset	Ssym	
S921_ProteinMPNNTesting_V6_V2.ipynb	artifact	1rtpA.pdb	
S921_ProteinMPNNTesting_V6_V2.ipynb	artifact	S_921_pmppn_info_dict_V2.pickle	
S921_ProteinMPNNTesting_V6_V2.ipynb	artifact	S_921_pmppn_info_dict_V3.pickle	
S921_ProteinMPNNTesting_V6_V2.ipynb	artifact	https://raw.githubusercontent.com/SajidAhmeduiu/PremPS/main/Datasets/S921/S921.txt	
S921_ProteinMPNNTesting_V6_V2.ipynb	hardcoded_path	/content/drive	
S921_ProteinMPNNTesting_V6_V2.ipynb	hardcoded_path	/content/drive/MyDrive/ACCRE_PyRun_Setup/S_921_PDB_Files	
S921_ProteinMPNNTesting_V6_V2.ipynb	hardcoded_path	/content/drive/MyDrive/ACCRE_PyRun_Setup/S_921_pssm_dir	
S921_ProteinMPNNTesting_V6_V2.ipynb	hardcoded_path	/content/drive/MyDrive/Colab_Installations_V2	
S921_ProteinMPNNTesting_V6_V2.ipynb	hardcoded_path	/content/drive/MyDrive/Protein_MPNN_Digging	
S921_ProteinMPNNTesting_V6_V2.ipynb	hardcoded_path	/content/drive/MyDrive/Protein_MPNN_Digging/ProteinMPNN/vanilla_proteinmpnn	
Ssym_ProteinMPNNTesting_V3.ipynb	dataset	PremPS	
Ssym_ProteinMPNNTesting_V3.ipynb	dataset	S_2648	
Ssym_ProteinMPNNTesting_V3.ipynb	dataset	Ssym	
Ssym_ProteinMPNNTesting_V3.ipynb	artifact	1rtpA.pdb	
Ssym_ProteinMPNNTesting_V3.ipynb	artifact	20sets/Ssym.txt	
Ssym_ProteinMPNNTesting_V3.ipynb	artifact	res_dict.pickle	
Ssym_ProteinMPNNTesting_V3.ipynb	hardcoded_path	/content/drive	
Ssym_ProteinMPNNTesting_V3.ipynb	hardcoded_path	/content/drive/MyDrive/ACCRE_PyRun_Setup/S_2648_PDB_Files	
Ssym_ProteinMPNNTesting_V3.ipynb	hardcoded_path	/content/drive/MyDrive/ACCRE_PyRun_Setup/Ssym_PDB_Files	
Ssym_ProteinMPNNTesting_V3.ipynb	hardcoded_path	/content/drive/MyDrive/ACCRE_PyRun_Setup/Ssym_pssm_dir	
Ssym_ProteinMPNNTesting_V3.ipynb	hardcoded_path	/content/drive/MyDrive/Colab_Installations_V2	
Ssym_ProteinMPNNTesting_V3.ipynb	hardcoded_path	/content/drive/MyDrive/Protein_MPNN_Digging	
Ssym_ProteinMPNNTesting_V3.ipynb	hardcoded_path	/content/drive/MyDrive/Protein_MPNN_Digging/ProteinMPNN/vanilla_proteinmpnn	
Ssym_ProteinMPNNTesting_V6.ipynb	dataset	PremPS	
Ssym_ProteinMPNNTesting_V6.ipynb	dataset	S_2648	
Ssym_ProteinMPNNTesting_V6.ipynb	dataset	Ssym	
Ssym_ProteinMPNNTesting_V6.ipynb	artifact	1rtpA.pdb	
Ssym_ProteinMPNNTesting_V6.ipynb	artifact	20sets/Ssym.txt	
Ssym_ProteinMPNNTesting_V6.ipynb	artifact	Ssym_full_feature_dict.pickle	
Ssym_ProteinMPNNTesting_V6.ipynb	artifact	Ssym_pmppn_info_dict.pickle	
Ssym_ProteinMPNNTesting_V6.ipynb	hardcoded_path	/content/drive	
Ssym_ProteinMPNNTesting_V6.ipynb	hardcoded_path	/content/drive/MyDrive/ACCRE_PyRun_Setup/Ssym_PDB_Files	
Ssym_ProteinMPNNTesting_V6.ipynb	hardcoded_path	/content/drive/MyDrive/ACCRE_PyRun_Setup/Ssym_pssm_dir	
Ssym_ProteinMPNNTesting_V6.ipynb	hardcoded_path	/content/drive/MyDrive/Colab_Installations_V2	
Ssym_ProteinMPNNTesting_V6.ipynb	hardcoded_path	/content/drive/MyDrive/Protein_MPNN_Digging	
Ssym_ProteinMPNNTesting_V6.ipynb	hardcoded_path	/content/drive/MyDrive/Protein_MPNN_Digging/ProteinMPNN/vanilla_proteinmpnn	
Ssym_ProteinMPNNTesting_V6_V2.ipynb	dataset	PremPS	
Ssym_ProteinMPNNTesting_V6_V2.ipynb	dataset	S_2648	
Ssym_ProteinMPNNTesting_V6_V2.ipynb	dataset	Ssym	
Ssym_ProteinMPNNTesting_V6_V2.ipynb	artifact	1rtpA.pdb	
Ssym_ProteinMPNNTesting_V6_V2.ipynb	artifact	20sets/Ssym.txt	
Ssym_ProteinMPNNTesting_V6_V2.ipynb	artifact	Ssym_pmppn_info_dict_V2.pickle	
Ssym_ProteinMPNNTesting_V6_V2.ipynb	artifact	Ssym_pmppn_info_dict_V3.pickle	
Ssym_ProteinMPNNTesting_V6_V2.ipynb	hardcoded_path	/content/drive	
Ssym_ProteinMPNNTesting_V6_V2.ipynb	hardcoded_path	/content/drive/MyDrive/ACCRE_PyRun_Setup/Ssym_PDB_Files	
Ssym_ProteinMPNNTesting_V6_V2.ipynb	hardcoded_path	/content/drive/MyDrive/ACCRE_PyRun_Setup/Ssym_pssm_dir	
Ssym_ProteinMPNNTesting_V6_V2.ipynb	hardcoded_path	/content/drive/MyDrive/Colab_Installations_V2	
Ssym_ProteinMPNNTesting_V6_V2.ipynb	hardcoded_path	/content/drive/MyDrive/Protein_MPNN_Digging	
Ssym_ProteinMPNNTesting_V6_V2.ipynb	hardcoded_path	/content/drive/MyDrive/Protein_MPNN_Digging/ProteinMPNN/vanilla_proteinmpnn	
proteinmpnn_quickdemo.ipynb	artifact	tmp.pdb	
proteinmpnn_quickdemo.ipynb	artifact	wget -qnc https://files.rcsb.org/view/{pdb_code}.pdb	
proteinmpnn_quickdemo.ipynb	artifact	{model_name}.pt	
proteinmpnn_quickdemo.ipynb	artifact	{pdb_code}.pdb	
proteinmpnn_quickdemo.ipynb	hardcoded_path	/content/ProteinMPNN/vanilla_proteinmpnn	
proteinmpnn_quickdemo.ipynb	hardcoded_path	/content/ProteinMPNN/vanilla_proteinmpnn/vanilla_model_weights	
